{
    "images": [
        {
            "id": "{67da14e0-80d2-4bd1-a7b1-1ed3ab814778}",
            "name": "toast",
            "type": "RGB"
        },
        {
            "id": "{19c3d569-92bb-4afa-a424-207aa6f2092b}",
            "name": "start",
            "type": "RGB"
        },
        {
            "id": "{6526b2d0-1232-48a0-bd08-1bff96694b7b}",
            "name": "bake100",
            "type": "RGB"
        },
        {
            "id": "{5204342c-59bb-412b-9c7c-00f375c0f43c}",
            "name": "broil100",
            "type": "RGB"
        },
        {
            "id": "{1b6aa55f-4fe5-4437-bec8-ec23ad56c8ee}",
            "name": "cook100",
            "type": "RGB"
        },
        {
            "id": "{7e3c0389-33e8-47b6-8d42-02b29ca5f062}",
            "name": "reheat100",
            "type": "RGB"
        },
        {
            "id": "{d05c894a-e628-4797-bb8e-b42221e1bbd1}",
            "name": "time30",
            "type": "RGB"
        },
        {
            "id": "{fe2471e7-9388-4a93-94c3-9273fba5c8ed}",
            "name": "Microchip_logo_150x30",
            "type": "RGB"
        },
        {
            "id": "{e4e90373-4bca-4a42-a811-272444879648}",
            "name": "bacon70",
            "type": "RGB"
        },
        {
            "id": "{7a793f80-a813-4423-98da-ef1d86e34776}",
            "name": "hotdog70",
            "type": "RGB"
        },
        {
            "id": "{6c5c2bb2-6d7d-48f8-9ae9-db7af5c6bfea}",
            "name": "kabobs70",
            "type": "RGB"
        },
        {
            "id": "{7d787d2d-c1e9-4d3e-bc92-3a30a6a07af5}",
            "name": "meat70",
            "type": "RGB"
        },
        {
            "id": "{45a1de7c-ad08-4ed7-89fa-82ca08b78a74}",
            "name": "veggies70",
            "type": "RGB"
        },
        {
            "id": "{8b705852-517e-4bc3-8f34-1a75662f5552}",
            "name": "main_rect",
            "type": "RGB"
        },
        {
            "id": "{4c1b84d5-aac7-43bd-886d-a63f5e886533}",
            "name": "progress_needle",
            "type": "RGB"
        },
        {
            "id": "{c8a7bbb7-f303-4bb2-9af0-a416455f3a14}",
            "name": "cancel_80",
            "type": "RGB"
        },
        {
            "id": "{09b6202f-40f8-495f-9cf3-c02c41e44b81}",
            "name": "ok_80",
            "type": "RGB"
        },
        {
            "id": "{2dda26b8-3066-43cd-915d-4ddc2799a5aa}",
            "name": "rgbsmall",
            "type": "RGB"
        },
        {
            "id": "{fbd61720-0144-4708-a8e6-548e0ec1a4e8}",
            "name": "steak_photo_70",
            "type": "RGB"
        },
        {
            "id": "{088d31af-4b26-4ab7-b884-52da5af1696d}",
            "name": "salmon_photo_70",
            "type": "RGB"
        },
        {
            "id": "{795ecb73-6691-44a3-99a4-4f0dc8747bda}",
            "name": "pizza_photo70",
            "type": "RGB"
        },
        {
            "id": "{b14834ed-5f94-458a-9a03-82256b027655}",
            "name": "pasta_photo_70",
            "type": "RGB"
        },
        {
            "id": "{3f292a49-76a8-42c6-8fd0-930d49765fc5}",
            "name": "gscalesmall",
            "type": "RGB"
        },
        {
            "id": "{cc3af135-b1cc-4acd-a9c6-63d8be1338ff}",
            "name": "MHGC_120x120",
            "type": "RGB"
        },
        {
            "id": "{887347a0-d82b-460b-be80-6da3ae3a2d9f}",
            "name": "mchp_black",
            "type": "RGB"
        },
        {
            "id": "{e5404652-7279-4e76-9142-5ec1966a69fb}",
            "name": "DemoOn",
            "type": "RGB"
        },
        {
            "id": "{7a4b26ba-9a72-4306-b5e5-c9a5e24e01f5}",
            "name": "DemoOff",
            "type": "RGB"
        },
        {
            "id": "{7aa8b97c-972d-4a72-916b-bd75e6b6e1c2}",
            "name": "cook2",
            "type": "RGB"
        },
        {
            "id": "{1586de41-8dca-42ec-a931-13c447efc53f}",
            "name": "reheat2",
            "type": "RGB"
        },
        {
            "id": "{6767464d-77a4-4d25-a62e-26eacb2802c6}",
            "name": "cancel2",
            "type": "RGB"
        },
        {
            "id": "{a4ac2c43-a864-48ab-8317-5b8825f27d25}",
            "name": "ok2",
            "type": "RGB"
        },
        {
            "id": "{85dcc436-b197-4848-b220-0611438b9088}",
            "name": "smartstart2",
            "type": "RGB"
        }
    ],
    "paths": [
    ]
}
