{
    "\n": {
        "advance": 8,
        "bearingX": 1,
        "bearingY": 10,
        "codePoint": 10,
        "data": "oKioqKx3rAAAABiQrAAAABiQrAAAABiQrAAAABiQrAAAABiQrAAAABiQrAAAABiQrAAAABiQoKioqKx3",
        "height": 10,
        "width": 6
    },
    " ": {
        "advance": 3,
        "bearingX": 0,
        "bearingY": 0,
        "codePoint": 32,
        "height": 0,
        "width": 0
    },
    "!": {
        "advance": 4,
        "bearingX": 0,
        "bearingY": 9,
        "codePoint": 33,
        "data": "AO1pAN9bANFOAMNBALUzAKcmAAAAArdPBN1i",
        "height": 9,
        "width": 3
    },
    "\"": {
        "advance": 5,
        "bearingX": 0,
        "bearingY": 9,
        "codePoint": 34,
        "data": "Hf8IvWkH8ACmUwDKAI8+",
        "height": 3,
        "width": 5
    },
    "#": {
        "advance": 8,
        "bearingX": 0,
        "bearingY": 9,
        "codePoint": 35,
        "data": "AAAA4wwYywAAAAAoyABYjAAAKNjn7djv5NgNAACSWADNIAAAAADGKAXoAAAAo/T+9Pb89JgAAB/MAFiTAAAAAEmhAIVmAAAAAHN1ALI6AAAA",
        "height": 9,
        "width": 9
    },
    "$": {
        "advance": 7,
        "bearingX": 0,
        "bearingY": 10,
        "codePoint": 36,
        "data": "AAAAuCAAAABKwfXYrikQ9lLAPVYUHvkTuCAAAACW6+tcBAAAAC3V4N8vAAAAuCCQpRdLF7lCuIQcyO3+3YwJAAAAuCAAAAAAAFkPAAA=",
        "height": 11,
        "width": 7
    },
    "%": {
        "advance": 11,
        "bearingX": 0,
        "bearingY": 9,
        "codePoint": 37,
        "data": "AJPvoQEAAswwAAAo1wrCQgBknAAAAFGfAIFvDdoXAAAAT6AAgm6Ih7DNTQAi2BDFYtZ9gxbfAwCF6J2uU6RLANAeAAAAP8AApEwA0R8AAALMMQB4ih3oBQAAY50AABLF62MA",
        "height": 9,
        "width": 11
    },
    "&": {
        "advance": 10,
        "bearingX": 0,
        "bearingY": 9,
        "codePoint": 38,
        "data": "AAus8O2JAAAAAABgzxEl+yQAAAAANecXVN4JAAAAAACY8r0XAAAAAAB77qzrLQBhwwAk/DIAiOorvW8ARe4AAACB8t8IABf2YQIRh/TmJAAAStDz6p0Xi+Ef",
        "height": 9,
        "width": 10
    },
    "'": {
        "advance": 3,
        "bearingX": 0,
        "bearingY": 9,
        "codePoint": 39,
        "data": "Hf8IB/AAAMoA",
        "height": 3,
        "width": 3
    },
    "(": {
        "advance": 4,
        "bearingX": 0,
        "bearingY": 9,
        "codePoint": 40,
        "data": "AA3aNACMmgAJ8S8AQOkAAGjAAAB3sAAAar8AAEPoAAAK8y8AAI+aAAAO1zE=",
        "height": 11,
        "width": 4
    },
    ")": {
        "advance": 4,
        "bearingX": 0,
        "bearingY": 9,
        "codePoint": 41,
        "data": "S8wFAAC3bwAAT9oAAAz8IQAA3UsAAM1aAADcTAAM+yQAT94AALhyAEfJBQA=",
        "height": 11,
        "width": 4
    },
    "*": {
        "advance": 7,
        "bearingX": 0,
        "bearingY": 10,
        "codePoint": 42,
        "data": "AAAJ/yIAABAMAOsHBxVh+b3otfWEAAZ445UIAAAr8CrrRAAAMXYAYkUA",
        "height": 6,
        "width": 7
    },
    "+": {
        "advance": 7,
        "bearingX": 0,
        "bearingY": 7,
        "codePoint": 43,
        "data": "AAAAxCwAAAAAAMQsAABT9PT99vS6AAAAxCwAAAAAAMQsAAAAAADELAAA",
        "height": 6,
        "width": 7
    },
    ",": {
        "advance": 3,
        "bearingX": 0,
        "bearingY": 1,
        "codePoint": 44,
        "data": "AOhcG/UOWZcA",
        "height": 3,
        "width": 3
    },
    "-": {
        "advance": 4,
        "bearingX": 0,
        "bearingY": 4,
        "codePoint": 45,
        "data": "dvT0ow==",
        "height": 1,
        "width": 4
    },
    ".": {
        "advance": 3,
        "bearingX": 0,
        "bearingY": 2,
        "codePoint": 46,
        "data": "ArdPBN1i",
        "height": 2,
        "width": 3
    },
    "/": {
        "advance": 5,
        "bearingX": 0,
        "bearingY": 9,
        "codePoint": 47,
        "data": "AAAAmYIAAArwIQAAX74AAADBXAAAJe8JAACHlwAAA+U1AABM0wAAAK9xAAAA",
        "height": 9,
        "width": 5
    },
    "0": {
        "advance": 7,
        "bearingX": 0,
        "bearingY": 9,
        "codePoint": 48,
        "data": "ACO/9OBeAADLiwg57ygl+QwAAJyKTdoAAABvslfMAAAAYcZD2QAAAG+7HfcMAACbkgC9iQg38DcAIL714GIA",
        "height": 9,
        "width": 7
    },
    "1": {
        "advance": 7,
        "bearingX": 1,
        "bearingY": 9,
        "codePoint": 49,
        "data": "ACPSnEvkvZxdLICcAACAnAAAgJwAAICcAACAnAAAgJwAAICc",
        "height": 9,
        "width": 4
    },
    "2": {
        "advance": 7,
        "bearingX": 0,
        "bearingY": 9,
        "codePoint": 50,
        "data": "AFzV9dtgABCnNQM89i0AAAAAANVaAAAAABX4JwAAAAO1iwAAAAKjrQQAAASmqgUAAAWtnwMAAABc//X09PS6",
        "height": 9,
        "width": 7
    },
    "3": {
        "advance": 7,
        "bearingX": 0,
        "bearingY": 9,
        "codePoint": 51,
        "data": "DYTg9d5rABOJJQEz8zgAAAAAANNaAAAADWviEwAA9P/mUAAAAAAEOd5hAAAAAACPpSwwBQEx4W4+zPH12nsB",
        "height": 9,
        "width": 7
    },
    "4": {
        "advance": 7,
        "bearingX": 0,
        "bearingY": 9,
        "codePoint": 52,
        "data": "AAAAALbUAAAAAABu1dQAAAAALN1Z1AAAAAfQQ0jUAAAAkYcASNQAAEjIBQBI1AAAuvTs7PH87CgRGBgYWdgYBAAAAABI1AAA",
        "height": 9,
        "width": 8
    },
    "5": {
        "advance": 7,
        "bearingX": 0,
        "bearingY": 9,
        "codePoint": 53,
        "data": "AKj49PT0CwC/TQAAAAAA1jQAAAAAAObp89hrAAAcDgQ/7FYAAAAAAIufAAAAAACRkRlLCwJC7jgav+7wy0wA",
        "height": 9,
        "width": 7
    },
    "6": {
        "advance": 7,
        "bearingX": 0,
        "bearingY": 9,
        "codePoint": 54,
        "data": "AABWyvHxGQBb40YCAwIA30UAAAAAH/Ve4uuaCTn5iBEYyYM/8QIAAF/EHf0PAABlugC4owgaz2oAFKzw5IMC",
        "height": 9,
        "width": 7
    },
    "7": {
        "advance": 7,
        "bearingX": 0,
        "bearingY": 9,
        "codePoint": 55,
        "data": "ZvT09PT5ygAAAAAArnwAAAAAKfISAAAAAKGQAAAAAB/2HgAAAACUpAAAAAAW9i4AAAAAhrgAAAAADvBCAAAA",
        "height": 9,
        "width": 7
    },
    "8": {
        "advance": 7,
        "bearingX": 0,
        "bearingY": 9,
        "codePoint": 56,
        "data": "AD7F7uSDAQHsZAEe31UE+iYAALhhAHrNQojDCwAXy+P0RwAQ2VoAM9dYUc0AAABjvSr0QAEVuo4AW9Ty55gK",
        "height": 9,
        "width": 7
    },
    "9": {
        "advance": 7,
        "bearingX": 0,
        "bearingY": 9,
        "codePoint": 57,
        "data": "ADbK9NdTAArqZQM89DRG3QAAAJSXSdYAAABzuxXyVQg+4LMASNHvsI6XAAAAAADKVwAHABSaywQAovbllhEA",
        "height": 9,
        "width": 7
    },
    ":": {
        "advance": 3,
        "bearingX": 0,
        "bearingY": 7,
        "codePoint": 58,
        "data": "BN9kArVNAAAAAAAAAAAAArdPBN1i",
        "height": 7,
        "width": 3
    },
    ";": {
        "advance": 3,
        "bearingX": 0,
        "bearingY": 7,
        "codePoint": 59,
        "data": "CeFeBbhIAAAAAAAAAAAAAAAACf0+PeQCeXsA",
        "height": 9,
        "width": 3
    },
    "<": {
        "advance": 7,
        "bearingX": 0,
        "bearingY": 8,
        "codePoint": 60,
        "data": "AAAAAABFiwAAAEXEtTkARMGnLwAARv1zAwAAAAAsnNh4FAAAAAAVfd+EAAAAAAAGPg==",
        "height": 7,
        "width": 7
    },
    "=": {
        "advance": 7,
        "bearingX": 0,
        "bearingY": 7,
        "codePoint": 61,
        "data": "QPT09PT0pwAAAAAAAAAAAAAAAAAAQPT09PT0pw==",
        "height": 4,
        "width": 7
    },
    ">": {
        "advance": 7,
        "bearingX": 0,
        "bearingY": 8,
        "codePoint": 62,
        "data": "SHsNAAAAABCD3HoNAAAAAA531XoNAAAAACrdsQABSbTIWgUz2Kw8AAAAJCAAAAAAAA==",
        "height": 7,
        "width": 7
    },
    "?": {
        "advance": 6,
        "bearingX": 0,
        "bearingY": 9,
        "codePoint": 63,
        "data": "b9fy5HIAPigCJu8rAAAAAt81AAAFm7ABAACtmAQAACLXAQAAAAopAAAAAEW8CQAAAFfiDQAA",
        "height": 9,
        "width": 6
    },
    "@": {
        "advance": 12,
        "bearingX": 0,
        "bearingY": 9,
        "codePoint": 64,
        "data": "AAABW77u8tZ7BgAAA6u4PggBJpzCBQB6pQFq5fHODZtxA+cVO+UdAvIKKMgryACNfQAA+gEE5jm1AJtnABj2ABnXH9YAbLAKg+sjgIwAzkYLr+yNSOm6DQAz53okBAkkHQAAAAAhmNvw4rMzAAA=",
        "height": 10,
        "width": 11
    },
    "A": {
        "advance": 8,
        "bearingX": 0,
        "bearingY": 9,
        "codePoint": 65,
        "data": "AAAAlOACAAAAAAAK7NFJAAAAAABitmmwAAAAAADJUA/xGgAAADDkAwCffQAAAJf57Oz04QIADPEyGBgY30sAZcAAAAAAf7EAzGAAAAAAH/ob",
        "height": 9,
        "width": 9
    },
    "B": {
        "advance": 8,
        "bearingX": 1,
        "bearingY": 9,
        "codePoint": 66,
        "data": "vPnz79BnALxwAAJE9j28cAAAAM9kvHAABUXrIbz59PzxWgC8cAACLNlnvHAAAACMtbxwAAAp3H68+fT24YgE",
        "height": 9,
        "width": 7
    },
    "C": {
        "advance": 8,
        "bearingX": 0,
        "bearingY": 9,
        "codePoint": 67,
        "data": "AAAzr+n03XEAP/R7FQQvMwDRjAAAAAAAGf8sAAAAAAAu/xAAAAAAABr/KgAAAAAAANqDAAAAAAAAUfZuEwAWHAAAScHx9OBS",
        "height": 9,
        "width": 8
    },
    "D": {
        "advance": 9,
        "bearingX": 1,
        "bearingY": 9,
        "codePoint": 68,
        "data": "vPn09NJ3BQC8cAAJPsq6A7xwAAAAFe1VvHAAAAAArJq8cAAAAACSrrxwAAAAALGXvHAAAAAe81C8cAAPStayAbz59fXMbwMA",
        "height": 9,
        "width": 8
    },
    "E": {
        "advance": 7,
        "bearingX": 1,
        "bearingY": 9,
        "codePoint": 69,
        "data": "vPn09PRuvHAAAAAAvHAAAAAAvHAAAAAAvPn09PQ1vHAAAAAAvHAAAAAAvHAAAAAAvPn09PRu",
        "height": 9,
        "width": 6
    },
    "F": {
        "advance": 7,
        "bearingX": 1,
        "bearingY": 9,
        "codePoint": 70,
        "data": "vPn09PRuvHAAAAAAvHAAAAAAvHAAAAAAvPn09PQxvHAAAAAAvHAAAAAAvHAAAAAAvHAAAAAA",
        "height": 9,
        "width": 6
    },
    "G": {
        "advance": 9,
        "bearingX": 0,
        "bearingY": 9,
        "codePoint": 71,
        "data": "AAAjneL06bwkADHwjB4BEEgEAMiSAAAAAAAAFv8sAAAAAAAALf8LAACr9Pl+Gv8iAAAAAKyAANZ+AAAAAKyAAEj2chIAB7iAAAA8tu3z68hP",
        "height": 9,
        "width": 9
    },
    "H": {
        "advance": 10,
        "bearingX": 1,
        "bearingY": 9,
        "codePoint": 72,
        "data": "vHAAAAAA0Fy8cAAAAADQXLxwAAAAANBcvHAAAAAA0Fy8+fT09PT9XLxwAAAAANBcvHAAAAAA0Fy8cAAAAADQXLxwAAAAANBc",
        "height": 9,
        "width": 8
    },
    "I": {
        "advance": 4,
        "bearingX": 0,
        "bearingY": 9,
        "codePoint": 73,
        "data": "Zff/wgBkyAAAZMgAAGTIAABkyAAAZMgAAGTIAABkyABX5Pio",
        "height": 9,
        "width": 4
    },
    "J": {
        "advance": 4,
        "bearingX": -2,
        "bearingY": 9,
        "codePoint": 74,
        "data": "AAAAzFwAAADMXAAAAMxcAAAAzFwAAADMXAAAAMxcAAAAzFwAAADMXAAAAMxcAAAAz1MABC/zJQPs4WoA",
        "height": 12,
        "width": 5
    },
    "K": {
        "advance": 8,
        "bearingX": 1,
        "bearingY": 9,
        "codePoint": 75,
        "data": "vHAAABTYcQC8cAALyYQAALxwBbiXAAAAvHKnqAIAAAC85PCcAAAAALyeH+xfAAAAvHAAR/MsAAC8cAAAftkNALxwAAABtakA",
        "height": 9,
        "width": 8
    },
    "L": {
        "advance": 7,
        "bearingX": 1,
        "bearingY": 9,
        "codePoint": 76,
        "data": "vHAAAAAAvHAAAAAAvHAAAAAAvHAAAAAAvHAAAAAAvHAAAAAAvHAAAAAAvHYMDAwFvP////98",
        "height": 9,
        "width": 6
    },
    "M": {
        "advance": 12,
        "bearingX": 1,
        "bearingY": 9,
        "codePoint": 77,
        "data": "vP8tAAAAAGL/iLzbkAAAAADH2Yi8g+wGAAAs4pyIvFbNVgAAkX+fiLxYabkAB+ocoIi8WA/zHlq0AKCIvFgAoH+/TgCgiLxYADvr4wMAoIi8WAAA1oIAAKCI",
        "height": 9,
        "width": 10
    },
    "N": {
        "advance": 10,
        "bearingX": 1,
        "bearingY": 9,
        "codePoint": 78,
        "data": "vOEMAAAAeKC88JIAAAB4oLxy9TkAAHigvFJ11QYAeKC8VwLFgQB4oLxYACXwLHagvFgAAG/Ic6C8WAAAAcHSoLxYAAAAIvSg",
        "height": 9,
        "width": 8
    },
    "O": {
        "advance": 10,
        "bearingX": 0,
        "bearingY": 9,
        "codePoint": 79,
        "data": "AABGv+7xyVkAAABP8V8OCEflcAAA2XYAAAAAT/QKG/8nAAAAAAP7QS7/DwAAAAAA6FUa/ygAAAAABPxBANh5AAAAAFL0CgBP8mAOCUrnbwAAAEa/7/HJVwAA",
        "height": 9,
        "width": 10
    },
    "P": {
        "advance": 8,
        "bearingX": 1,
        "bearingY": 9,
        "codePoint": 80,
        "data": "vPn067w4ALxwAAx87wm8cAAADv8pvHABGYzgBbz58+OnIwC8cAAAAAAAvHAAAAAAALxwAAAAAAC8cAAAAAAA",
        "height": 9,
        "width": 7
    },
    "Q": {
        "advance": 10,
        "bearingX": 0,
        "bearingY": 9,
        "codePoint": 81,
        "data": "AABGv+7xyVkAAABP8V8OCEflcAAA2XYAAAAAT/QKG/8nAAAAAAP7QS7/DwAAAAAA6FUa/ygAAAAABPw+ANh5AAAAAFLwCgBP8mAOCUrnbwAAAEa/7/3rXAAAAAAAAAAy8GAAAAAAAAAAAEP0YAA=",
        "height": 11,
        "width": 10
    },
    "R": {
        "advance": 8,
        "bearingX": 1,
        "bearingY": 9,
        "codePoint": 82,
        "data": "vPn07cI/ALxwAAdx8wm8cAAADP8qvHAADoHZBrz59P22GQC8cABs0gMAvHAABNhsALxwAABO7hO8cAAAAL+Y",
        "height": 9,
        "width": 7
    },
    "S": {
        "advance": 7,
        "bearingX": 0,
        "bearingY": 9,
        "codePoint": 83,
        "data": "AEfN9Ou/HxT3VgEPUAQr/g0AAAAABNC8MAAAAAAPiu3MSQAAAAAHaPdAAAAAAAC3fSM0CQAz6UM40PLx0V4A",
        "height": 9,
        "width": 7
    },
    "T": {
        "advance": 7,
        "bearingX": 0,
        "bearingY": 9,
        "codePoint": 84,
        "data": "1fT0//b09BMAAAD4NAAAAAAAAPg0AAAAAAAA+DQAAAAAAAD4NAAAAAAAAPg0AAAAAAAA+DQAAAAAAAD4NAAAAAAAAPg0AAAA",
        "height": 9,
        "width": 8
    },
    "U": {
        "advance": 10,
        "bearingX": 1,
        "bearingY": 9,
        "codePoint": 85,
        "data": "1FgAAAAA2FDUWAAAAADYUNRYAAAAANhQ1FgAAAAA2FDUWAAAAADYUNJZAAAAANlPs3kAAAAG9DVT6DwDEZjQAQBe0fHrpRkA",
        "height": 9,
        "width": 8
    },
    "V": {
        "advance": 8,
        "bearingX": 0,
        "bearingY": 9,
        "codePoint": 86,
        "data": "0WYAAAAAnpxzwgAAAAnxPhj7HwAAV94BALd7AACzggAAWNcAFPokAAAI8TRrxQAAAACcisJnAAAAAD7d9BAAAAAAAd6rAAAA",
        "height": 9,
        "width": 8
    },
    "W": {
        "advance": 12,
        "bearingX": 0,
        "bearingY": 9,
        "codePoint": 87,
        "data": "tYEAAADDwwAAAG3IcMQAABPz9BUAALCCKvsMAF28vGIAA/A8AONLAKp1brEANvEEAJ6PBvEoIPYKea8AAFnSQ9oAANBPu2kAABT8lY0AAIGV9SMAAADN7D8AADLr3QAAAACH7gQAAADilwAA",
        "height": 9,
        "width": 12
    },
    "X": {
        "advance": 8,
        "bearingX": 0,
        "bearingY": 9,
        "codePoint": 88,
        "data": "a9YGAAA36hcBwH8ABdJaAAAj7ih7sQAAAABwz+YZAAAAABH4pQAAAAAAnZzoPAAAAEjbCVvbCQAP4kEAALiPAJ6aAAAAIPI8",
        "height": 9,
        "width": 8
    },
    "Y": {
        "advance": 7,
        "bearingX": 0,
        "bearingY": 9,
        "codePoint": 89,
        "data": "uYsAAAAt9B0u9BoAALSGAACelwA86Q0AABvwIsNpAAAAAIPV1wQAAAAADfRaAAAAAAAA6EQAAAAAAADoRAAAAAAAAOhEAAAA",
        "height": 9,
        "width": 8
    },
    "Z": {
        "advance": 7,
        "bearingX": 0,
        "bearingY": 9,
        "codePoint": 90,
        "data": "U/T09PT7yQAAAAAU6VcAAAAAq6kAAAAAWOgTAAAAF+xOAAAAALChAAAAAF3jEAAAABruRwAAAAB9//T09PTg",
        "height": 9,
        "width": 7
    },
    "[": {
        "advance": 4,
        "bearingX": 1,
        "bearingY": 9,
        "codePoint": 91,
        "data": "9PXo9CgA9CgA9CgA9CgA9CgA9CgA9CgA9CgA9CgA7PTo",
        "height": 11,
        "width": 3
    },
    "\\": {
        "advance": 5,
        "bearingX": 0,
        "bearingY": 9,
        "codePoint": 92,
        "data": "r3EAAABM0wAAAAPlNgAAAIeZAAAAJfAKAAAAwV4AAABfwQAAAArwJAAAAJmG",
        "height": 9,
        "width": 5
    },
    "]": {
        "advance": 4,
        "bearingX": 0,
        "bearingY": 9,
        "codePoint": 93,
        "data": "o/T+PAAA4DwAAOA8AADgPAAA4DwAAOA8AADgPAAA4DwAAOA8AADgPKP09zo=",
        "height": 11,
        "width": 4
    },
    "^": {
        "advance": 7,
        "bearingX": 0,
        "bearingY": 9,
        "codePoint": 94,
        "data": "AAAM7CoAAAAAcL2pAAAABNgVySwAAFucAE6sAADPLAAAzi5FvAAAAFOv",
        "height": 6,
        "width": 7
    },
    "_": {
        "advance": 6,
        "bearingX": -1,
        "bearingY": -1,
        "codePoint": 95,
        "data": "B/T09PT0wg==",
        "height": 1,
        "width": 7
    },
    "`": {
        "advance": 4,
        "bearingX": 0,
        "bearingY": 10,
        "codePoint": 96,
        "data": "NvQvAABDwwg=",
        "height": 2,
        "width": 4
    },
    "a": {
        "advance": 7,
        "bearingX": 0,
        "bearingY": 7,
        "codePoint": 97,
        "data": "AEzM8OVwAAAsMgM4+xoAAAAAAOU6AG7T8PT+PEPxOAMA6zxT5RgFavw8Bqb06HqxPA==",
        "height": 7,
        "width": 7
    },
    "b": {
        "advance": 8,
        "bearingX": 1,
        "bearingY": 10,
        "codePoint": 98,
        "data": "5EAAAAAAAORAAAAAAADkPgAAAAAA5G7X8r4mAOTFFweM0ALkWwAAC/4m5EUAAADvP+ReAAAM/ibkyxoHjtAC4EjZ8r4mAA==",
        "height": 10,
        "width": 7
    },
    "c": {
        "advance": 6,
        "bearingX": 0,
        "bearingY": 7,
        "codePoint": 99,
        "data": "AByu8PCKAM2WCgscKf0LAAAAQusAAAAALPwLAAAAANOSCQYmACG38vOI",
        "height": 7,
        "width": 6
    },
    "d": {
        "advance": 8,
        "bearingX": 0,
        "bearingY": 10,
        "codePoint": 100,
        "data": "AAAAAABA5AAAAAAAQOQAAAAAAEDkACa/8tNp5AHQkQcbyuQn/Q0AAF3kQOsAAABA5Cj8CQAAVeQC04oGF8LkACjB8tVP5A==",
        "height": 10,
        "width": 7
    },
    "e": {
        "advance": 7,
        "bearingX": 0,
        "bearingY": 7,
        "codePoint": 101,
        "data": "ABqy8eRsAADIkwYp7EMn/AwAAJuWQv709PT2pSr4BQAAAAAAyJQNAB0cABio8PHROA==",
        "height": 7,
        "width": 7
    },
    "f": {
        "advance": 4,
        "bearingX": 0,
        "bearingY": 10,
        "codePoint": 102,
        "data": "AAqw8dEAAGrMCA8AAI+TAAAAkfb69EwAAJSQAAAAAJSQAAAAAJSQAAAAAJSQAAAAAJSQAAAAAJSQAAAA",
        "height": 10,
        "width": 6
    },
    "g": {
        "advance": 8,
        "bearingX": 0,
        "bearingY": 7,
        "codePoint": 103,
        "data": "ACK+8tRX5ADOkAcdzeQm/AsAAFzkP+oAAABA5Cj7CQAAU+QB0ogGF8HkACbA8th75AAAAAAATtEAQhkBGMSPAH7i9OabDg==",
        "height": 10,
        "width": 7
    },
    "h": {
        "advance": 8,
        "bearingX": 1,
        "bearingY": 10,
        "codePoint": 104,
        "data": "5EAAAAAA5EAAAAAA5EAAAAAA5G3P9M835MgdA4nN5F8AAC735EIAACj85EAAACj85EAAACj85EAAACj8",
        "height": 10,
        "width": 6
    },
    "i": {
        "advance": 3,
        "bearingX": 1,
        "bearingY": 10,
        "codePoint": 105,
        "data": "vjEAAAAA5EDkQORA5EDkQORA5EA=",
        "height": 10,
        "width": 2
    },
    "j": {
        "advance": 3,
        "bearingX": -1,
        "bearingY": 10,
        "codePoint": 106,
        "data": "AAC+MQAAAAAAAAAAAADkQAAA5EAAAORAAADkQAAA5EAAAORAAADkQAAA5D8CGfYqqfObAA==",
        "height": 13,
        "width": 4
    },
    "k": {
        "advance": 7,
        "bearingX": 1,
        "bearingY": 10,
        "codePoint": 107,
        "data": "5DwAAAAA5DwAAAAA5DwAAAAA5DwAOeY15Dww5kAA5FzlTAAA5OTxNgAA5FZn3xEA5DwAqLEA5DwADtxz",
        "height": 10,
        "width": 6
    },
    "l": {
        "advance": 3,
        "bearingX": 1,
        "bearingY": 10,
        "codePoint": 108,
        "data": "5EDkQORA5EDkQORA5EDkQORA5EA=",
        "height": 10,
        "width": 2
    },
    "m": {
        "advance": 12,
        "bearingX": 1,
        "bearingY": 7,
        "codePoint": 109,
        "data": "5FHT9boiq/LgUwDkwRQMxe9GAmHvAeRbAAB9wgAADf8X5EIAAHisAAAI/xzkQAAAeKwAAAj/HORAAAB4rAAACP8c5EAAAHisAAAI/xw=",
        "height": 7,
        "width": 11
    },
    "n": {
        "advance": 8,
        "bearingX": 1,
        "bearingY": 7,
        "codePoint": 110,
        "data": "5E/N88825McdA4nN5F4AAC725EIAACj85EAAACj85EAAACj85EAAACj8",
        "height": 7,
        "width": 6
    },
    "o": {
        "advance": 8,
        "bearingX": 0,
        "bearingY": 7,
        "codePoint": 111,
        "data": "ABmq6u2bDQAAxZMKEbGnACP8CwAAKvsMQOsAAAAL/x8o/Q0AACv7BQDHlgsRs58AABis8eWWDAA=",
        "height": 7,
        "width": 8
    },
    "p": {
        "advance": 8,
        "bearingX": 1,
        "bearingY": 7,
        "codePoint": 112,
        "data": "5FPX8r8mAOTFFwiS0QLkWQAADv4m5EQAAADwP+RfAAAS/yXkyxoFnM4B5HHZ8r4kAOQ/AAAAAADkQAAAAAAA5EAAAAAAAA==",
        "height": 10,
        "width": 7
    },
    "q": {
        "advance": 8,
        "bearingX": 0,
        "bearingY": 7,
        "codePoint": 113,
        "data": "ACS98dJE5AHPjgccyeQm/AwAAF3kP+oAAABA5Cj7CQAAVuQC04gGF8LkACjC8tRu5AAAAAAAQOQAAAAAAEDkAAAAAABA5A==",
        "height": 10,
        "width": 7
    },
    "r": {
        "advance": 5,
        "bearingX": 1,
        "bearingY": 7,
        "codePoint": 114,
        "data": "5DTJ9Rnk0i4EAeRjAAAA5EAAAADkQAAAAORAAAAA5EAAAAA=",
        "height": 7,
        "width": 5
    },
    "s": {
        "advance": 6,
        "bearingX": 0,
        "bearingY": 7,
        "codePoint": 115,
        "data": "Aorm8tI+Rd8RBDUUJ+1pCQAAACmg5YUFAAAAFcR7Ii8ECK2INNX07KkQ",
        "height": 7,
        "width": 6
    },
    "t": {
        "advance": 5,
        "bearingX": 0,
        "bearingY": 9,
        "codePoint": 116,
        "data": "ADYsAAAAqlgAAJn9+PRXAMxYAAAAzFgAAADMWAAAAMtYAAAAuI0ABABA3fNa",
        "height": 9,
        "width": 5
    },
    "u": {
        "advance": 8,
        "bearingX": 1,
        "bearingY": 7,
        "codePoint": 117,
        "data": "+DAAADjs+DAAADjs+DAAADjs+DAAADrs8zUAAFfszI4DGsjsOdDyz1js",
        "height": 7,
        "width": 6
    },
    "v": {
        "advance": 7,
        "bearingX": 0,
        "bearingY": 7,
        "codePoint": 118,
        "data": "0GYAAADOa2/CAAAp+BEU+B8AhKgAAK56AN5HAABO1DvjAgAABOiyhQAAAACM/yUAAA==",
        "height": 7,
        "width": 7
    },
    "w": {
        "advance": 10,
        "bearingX": 0,
        "bearingY": 7,
        "codePoint": 119,
        "data": "uXQAAKjlAQA57QJ0tQAG69czAHypAC7yBEnCj4AAvmIAAOc4mXhCzQj3HAAAo3nkJgXvWtQAAABd1NUAAKjQjQAAABj+hAAAW/9HAAA=",
        "height": 7,
        "width": 11
    },
    "x": {
        "advance": 7,
        "bearingX": 0,
        "bearingY": 7,
        "codePoint": 120,
        "data": "TukUACfwMACaqgPIdAAAC9q5vQEAAABu/0oAAAAX6JPXCQAAtosArpUAatQHABXpSQ==",
        "height": 7,
        "width": 7
    },
    "y": {
        "advance": 7,
        "bearingX": 0,
        "bearingY": 7,
        "codePoint": 121,
        "data": "yG0AAADKb2DQAAAn+RMJ7jMAhKsAAJCXAd5JAAAo7T/kAwAAAMDKhgAAAABY/yUAAAAAasIAAAAAHulOAAAAze5/AAAAAA==",
        "height": 10,
        "width": 7
    },
    "z": {
        "advance": 6,
        "bearingX": 0,
        "bearingY": 7,
        "codePoint": 122,
        "data": "QPT09P2DAAAALOslAAAI018AAACSpgAAAEndDgAAFuQ4AAAAfP309PSU",
        "height": 7,
        "width": 6
    },
    "{": {
        "advance": 5,
        "bearingX": 0,
        "bearingY": 9,
        "codePoint": 123,
        "data": "AABO1oAAAfBSAAAM/xQAAAz/EwACWeoDAKLwSQAAAVXuBAAADP8TAAAM/xQAAAHvWQEAAEzRfw==",
        "height": 11,
        "width": 5
    },
    "|": {
        "advance": 7,
        "bearingX": 3,
        "bearingY": 10,
        "codePoint": 124,
        "data": "5BDkEOQQ5BDkEOQQ5BDkEOQQ5BDkEOQQ5BA=",
        "height": 13,
        "width": 2
    },
    "}": {
        "advance": 5,
        "bearingX": 0,
        "bearingY": 9,
        "codePoint": 125,
        "data": "jNNFAAAAZOIAAAAk/AAAACP8AAAADfRJAgAAVfSSAAzzRAAAI/wAAAAk+wAAAmrfAACKyz4AAA==",
        "height": 11,
        "width": 5
    },
    "~": {
        "advance": 7,
        "bearingX": 0,
        "bearingY": 6,
        "codePoint": 126,
        "data": "F8LupjYZd0Y5DGzV4lQ=",
        "height": 2,
        "width": 7
    },
    "®": {
        "advance": 11,
        "bearingX": 0,
        "bearingY": 10,
        "codePoint": 174,
        "data": "AAAZlOHz1HcHAAAAI9ltFgEgm8QJAAC8OF748KwEfIkAJqUAYJwHykYEygNRagBgnA3TPQCcIFFoAGD7+50AAJ0hJasAYJw82QoDzAQAv0hYjwCKfn2RAAAi3n4ZAiWgygsAAAAXlN7x1X4KAAA=",
        "height": 10,
        "width": 11
    }
}
