{
    " ": {
        "advance": 4,
        "bearingX": 0,
        "bearingY": 0,
        "codePoint": 32,
        "height": 0,
        "width": 0
    },
    "!": {
        "advance": 4,
        "bearingX": 1,
        "bearingY": 12,
        "codePoint": 33,
        "height": 12,
        "width": 3
    },
    "'": {
        "advance": 4,
        "bearingX": 1,
        "bearingY": 12,
        "codePoint": 39,
        "height": 4,
        "width": 2
    },
    ".": {
        "advance": 4,
        "bearingX": 1,
        "bearingY": 3,
        "codePoint": 46,
        "height": 3,
        "width": 3
    },
    "0": {
        "advance": 9,
        "bearingX": 0,
        "bearingY": 12,
        "codePoint": 48,
        "height": 12,
        "width": 9
    },
    "1": {
        "advance": 9,
        "bearingX": 1,
        "bearingY": 12,
        "codePoint": 49,
        "height": 12,
        "width": 5
    },
    "2": {
        "advance": 9,
        "bearingX": 0,
        "bearingY": 12,
        "codePoint": 50,
        "height": 12,
        "width": 9
    },
    "3": {
        "advance": 9,
        "bearingX": 0,
        "bearingY": 12,
        "codePoint": 51,
        "height": 12,
        "width": 9
    },
    "4": {
        "advance": 9,
        "bearingX": 0,
        "bearingY": 12,
        "codePoint": 52,
        "height": 12,
        "width": 9
    },
    "5": {
        "advance": 9,
        "bearingX": 1,
        "bearingY": 12,
        "codePoint": 53,
        "height": 12,
        "width": 8
    },
    "6": {
        "advance": 9,
        "bearingX": 0,
        "bearingY": 12,
        "codePoint": 54,
        "height": 12,
        "width": 9
    },
    "7": {
        "advance": 9,
        "bearingX": 0,
        "bearingY": 12,
        "codePoint": 55,
        "height": 12,
        "width": 9
    },
    "8": {
        "advance": 9,
        "bearingX": 0,
        "bearingY": 12,
        "codePoint": 56,
        "height": 12,
        "width": 9
    },
    "9": {
        "advance": 9,
        "bearingX": 0,
        "bearingY": 12,
        "codePoint": 57,
        "height": 12,
        "width": 9
    },
    "A": {
        "advance": 10,
        "bearingX": 0,
        "bearingY": 12,
        "codePoint": 65,
        "height": 12,
        "width": 11
    },
    "B": {
        "advance": 10,
        "bearingX": 1,
        "bearingY": 12,
        "codePoint": 66,
        "height": 12,
        "width": 9
    },
    "C": {
        "advance": 10,
        "bearingX": 0,
        "bearingY": 12,
        "codePoint": 67,
        "height": 12,
        "width": 10
    },
    "D": {
        "advance": 12,
        "bearingX": 1,
        "bearingY": 12,
        "codePoint": 68,
        "height": 12,
        "width": 10
    },
    "F": {
        "advance": 8,
        "bearingX": 1,
        "bearingY": 12,
        "codePoint": 70,
        "height": 12,
        "width": 7
    },
    "I": {
        "advance": 5,
        "bearingX": 0,
        "bearingY": 12,
        "codePoint": 73,
        "height": 12,
        "width": 5
    },
    "N": {
        "advance": 12,
        "bearingX": 1,
        "bearingY": 12,
        "codePoint": 78,
        "height": 12,
        "width": 10
    },
    "P": {
        "advance": 10,
        "bearingX": 1,
        "bearingY": 12,
        "codePoint": 80,
        "height": 12,
        "width": 8
    },
    "Q": {
        "advance": 13,
        "bearingX": 0,
        "bearingY": 12,
        "codePoint": 81,
        "height": 15,
        "width": 12
    },
    "S": {
        "advance": 9,
        "bearingX": 0,
        "bearingY": 12,
        "codePoint": 83,
        "height": 12,
        "width": 9
    },
    "T": {
        "advance": 9,
        "bearingX": 0,
        "bearingY": 12,
        "codePoint": 84,
        "height": 12,
        "width": 9
    },
    "U": {
        "advance": 12,
        "bearingX": 1,
        "bearingY": 12,
        "codePoint": 85,
        "height": 12,
        "width": 10
    },
    "a": {
        "advance": 9,
        "bearingX": 0,
        "bearingY": 9,
        "codePoint": 97,
        "height": 9,
        "width": 8
    },
    "c": {
        "advance": 8,
        "bearingX": 0,
        "bearingY": 9,
        "codePoint": 99,
        "height": 9,
        "width": 8
    },
    "d": {
        "advance": 10,
        "bearingX": 0,
        "bearingY": 12,
        "codePoint": 100,
        "height": 12,
        "width": 9
    },
    "e": {
        "advance": 9,
        "bearingX": 0,
        "bearingY": 9,
        "codePoint": 101,
        "height": 9,
        "width": 9
    },
    "f": {
        "advance": 6,
        "bearingX": 0,
        "bearingY": 12,
        "codePoint": 102,
        "height": 12,
        "width": 7
    },
    "g": {
        "advance": 10,
        "bearingX": 0,
        "bearingY": 9,
        "codePoint": 103,
        "height": 13,
        "width": 9
    },
    "h": {
        "advance": 10,
        "bearingX": 1,
        "bearingY": 12,
        "codePoint": 104,
        "height": 12,
        "width": 8
    },
    "i": {
        "advance": 4,
        "bearingX": 1,
        "bearingY": 12,
        "codePoint": 105,
        "height": 12,
        "width": 2
    },
    "k": {
        "advance": 9,
        "bearingX": 1,
        "bearingY": 12,
        "codePoint": 107,
        "height": 12,
        "width": 8
    },
    "l": {
        "advance": 4,
        "bearingX": 1,
        "bearingY": 12,
        "codePoint": 108,
        "height": 12,
        "width": 2
    },
    "m": {
        "advance": 15,
        "bearingX": 1,
        "bearingY": 9,
        "codePoint": 109,
        "height": 9,
        "width": 13
    },
    "n": {
        "advance": 10,
        "bearingX": 1,
        "bearingY": 9,
        "codePoint": 110,
        "height": 9,
        "width": 8
    },
    "o": {
        "advance": 10,
        "bearingX": 0,
        "bearingY": 9,
        "codePoint": 111,
        "height": 9,
        "width": 9
    },
    "p": {
        "advance": 10,
        "bearingX": 1,
        "bearingY": 9,
        "codePoint": 112,
        "height": 13,
        "width": 8
    },
    "r": {
        "advance": 7,
        "bearingX": 1,
        "bearingY": 9,
        "codePoint": 114,
        "height": 9,
        "width": 6
    },
    "s": {
        "advance": 8,
        "bearingX": 0,
        "bearingY": 9,
        "codePoint": 115,
        "height": 9,
        "width": 7
    },
    "t": {
        "advance": 6,
        "bearingX": 0,
        "bearingY": 11,
        "codePoint": 116,
        "height": 11,
        "width": 6
    },
    "u": {
        "advance": 10,
        "bearingX": 1,
        "bearingY": 9,
        "codePoint": 117,
        "height": 9,
        "width": 8
    },
    "v": {
        "advance": 8,
        "bearingX": 0,
        "bearingY": 9,
        "codePoint": 118,
        "height": 9,
        "width": 9
    },
    "w": {
        "advance": 13,
        "bearingX": 0,
        "bearingY": 9,
        "codePoint": 119,
        "height": 9,
        "width": 13
    },
    "x": {
        "advance": 8,
        "bearingX": 0,
        "bearingY": 9,
        "codePoint": 120,
        "height": 9,
        "width": 9
    },
    "y": {
        "advance": 8,
        "bearingX": 0,
        "bearingY": 9,
        "codePoint": 121,
        "height": 13,
        "width": 9
    }
}
