{
    "__categories": [
        {
            "expanded": true,
            "id": "raw",
            "visible": true
        }
    ],
    "__groups": [
    ],
    "bitsPerPixel": {
        "enabled": false,
        "type": "integer",
        "value": 16,
        "visible": true
    },
    "colorCount": {
        "enabled": false,
        "type": "integer",
        "value": 186,
        "visible": true
    },
    "colorMaskMode": {
        "enabled": true,
        "type": "combo",
        "value": 0,
        "visible": true
    },
    "colorMode": {
        "enabled": true,
        "type": "combo",
        "value": 3,
        "visible": true
    },
    "maskColor": {
        "enabled": true,
        "image": "{fe2471e7-9388-4a93-94c3-9273fba5c8ed}",
        "type": "imagecolor",
        "value": 0,
        "visible": false
    },
    "outputSize": {
        "enabled": false,
        "type": "integer",
        "value": 9000,
        "visible": true
    },
    "useRLE": {
        "enabled": true,
        "type": "boolean",
        "value": false,
        "visible": true
    }
}
