{
    " ": {
        "advance": 7,
        "bearingX": 0,
        "bearingY": 0,
        "codePoint": 32,
        "height": 0,
        "width": 0
    },
    "B": {
        "advance": 16,
        "bearingX": 2,
        "bearingY": 18,
        "codePoint": 66,
        "height": 18,
        "width": 13
    },
    "D": {
        "advance": 18,
        "bearingX": 2,
        "bearingY": 18,
        "codePoint": 68,
        "height": 18,
        "width": 15
    },
    "S": {
        "advance": 14,
        "bearingX": 1,
        "bearingY": 18,
        "codePoint": 83,
        "height": 18,
        "width": 12
    },
    "a": {
        "advance": 14,
        "bearingX": 1,
        "bearingY": 14,
        "codePoint": 97,
        "height": 14,
        "width": 11
    },
    "e": {
        "advance": 14,
        "bearingX": 1,
        "bearingY": 14,
        "codePoint": 101,
        "height": 14,
        "width": 12
    },
    "g": {
        "advance": 15,
        "bearingX": 1,
        "bearingY": 14,
        "codePoint": 103,
        "height": 20,
        "width": 13
    },
    "i": {
        "advance": 6,
        "bearingX": 1,
        "bearingY": 19,
        "codePoint": 105,
        "height": 19,
        "width": 4
    },
    "n": {
        "advance": 15,
        "bearingX": 2,
        "bearingY": 14,
        "codePoint": 110,
        "height": 14,
        "width": 12
    },
    "r": {
        "advance": 10,
        "bearingX": 2,
        "bearingY": 14,
        "codePoint": 114,
        "height": 14,
        "width": 8
    },
    "s": {
        "advance": 12,
        "bearingX": 1,
        "bearingY": 14,
        "codePoint": 115,
        "height": 14,
        "width": 10
    },
    "t": {
        "advance": 9,
        "bearingX": 0,
        "bearingY": 17,
        "codePoint": 116,
        "height": 17,
        "width": 9
    },
    "w": {
        "advance": 20,
        "bearingX": 0,
        "bearingY": 14,
        "codePoint": 119,
        "height": 14,
        "width": 20
    },
    "y": {
        "advance": 13,
        "bearingX": 0,
        "bearingY": 14,
        "codePoint": 121,
        "height": 20,
        "width": 13
    }
}
