{
    "bindings": [
        {
            "font": "{31e9ba43-ffdb-4ae0-bcdf-17fcea33b7f4}",
            "language": "{dbaaf116-5c0f-4dad-8b89-47926973c709}",
            "string": "{3d00e408-a3be-44c9-912d-869aaf59c87c}"
        },
        {
            "font": "{31e9ba43-ffdb-4ae0-bcdf-17fcea33b7f4}",
            "language": "{dbaaf116-5c0f-4dad-8b89-47926973c709}",
            "string": "{9a833f04-5fc8-4d74-9100-f9eb98e738a0}"
        },
        {
            "font": "{31e9ba43-ffdb-4ae0-bcdf-17fcea33b7f4}",
            "language": "{dbaaf116-5c0f-4dad-8b89-47926973c709}",
            "string": "{a7c84464-6174-4e82-8f90-08ff7d4f7c5e}"
        },
        {
            "font": "{31e9ba43-ffdb-4ae0-bcdf-17fcea33b7f4}",
            "language": "{dbaaf116-5c0f-4dad-8b89-47926973c709}",
            "string": "{fdab3b97-eb6b-4bfa-87bd-42b7c737932f}"
        },
        {
            "font": "{cebddd0e-84b0-4af2-83a7-1d6b8383772f}",
            "language": "{dbaaf116-5c0f-4dad-8b89-47926973c709}",
            "string": "{012bf144-6670-4377-b2f2-8af60b27b5cb}"
        },
        {
            "font": "{cebddd0e-84b0-4af2-83a7-1d6b8383772f}",
            "language": "{dbaaf116-5c0f-4dad-8b89-47926973c709}",
            "string": "{0a933eb9-250e-4978-88ab-59ff277f1ec4}"
        },
        {
            "font": "{cebddd0e-84b0-4af2-83a7-1d6b8383772f}",
            "language": "{dbaaf116-5c0f-4dad-8b89-47926973c709}",
            "string": "{436e53ae-8a9a-4f89-8a99-5242053deeee}"
        },
        {
            "font": "{cebddd0e-84b0-4af2-83a7-1d6b8383772f}",
            "language": "{dbaaf116-5c0f-4dad-8b89-47926973c709}",
            "string": "{5349228e-d648-4922-8f96-c0f4ebf90b06}"
        },
        {
            "font": "{cebddd0e-84b0-4af2-83a7-1d6b8383772f}",
            "language": "{dbaaf116-5c0f-4dad-8b89-47926973c709}",
            "string": "{60b3830d-e5f0-4136-b35e-1bb466b04532}"
        },
        {
            "font": "{cebddd0e-84b0-4af2-83a7-1d6b8383772f}",
            "language": "{dbaaf116-5c0f-4dad-8b89-47926973c709}",
            "string": "{78f10168-d803-4adb-bd3c-d1966402e813}"
        },
        {
            "font": "{cebddd0e-84b0-4af2-83a7-1d6b8383772f}",
            "language": "{dbaaf116-5c0f-4dad-8b89-47926973c709}",
            "string": "{8434ef4e-8537-422a-95af-002eca628d77}"
        },
        {
            "font": "{cebddd0e-84b0-4af2-83a7-1d6b8383772f}",
            "language": "{dbaaf116-5c0f-4dad-8b89-47926973c709}",
            "string": "{8763e4ff-a336-4015-aec4-286247d93004}"
        },
        {
            "font": "{cebddd0e-84b0-4af2-83a7-1d6b8383772f}",
            "language": "{dbaaf116-5c0f-4dad-8b89-47926973c709}",
            "string": "{94794541-231d-490e-8db2-7774392621c4}"
        },
        {
            "font": "{cebddd0e-84b0-4af2-83a7-1d6b8383772f}",
            "language": "{dbaaf116-5c0f-4dad-8b89-47926973c709}",
            "string": "{ad1fe18e-317d-4a6e-aa1f-31f71a6fa7d8}"
        },
        {
            "font": "{cebddd0e-84b0-4af2-83a7-1d6b8383772f}",
            "language": "{dbaaf116-5c0f-4dad-8b89-47926973c709}",
            "string": "{b428843f-a80e-4547-87d1-347374dfd09b}"
        },
        {
            "font": "{cebddd0e-84b0-4af2-83a7-1d6b8383772f}",
            "language": "{dbaaf116-5c0f-4dad-8b89-47926973c709}",
            "string": "{b94bb3cb-736f-40a4-a7e8-0116fa48efc0}"
        },
        {
            "font": "{cebddd0e-84b0-4af2-83a7-1d6b8383772f}",
            "language": "{dbaaf116-5c0f-4dad-8b89-47926973c709}",
            "string": "{f5c78121-9735-4dd1-97b4-62fc646d858b}"
        },
        {
            "font": "{cebddd0e-84b0-4af2-83a7-1d6b8383772f}",
            "language": "{dbaaf116-5c0f-4dad-8b89-47926973c709}",
            "string": "{fbead3c0-f14a-47b9-83ea-84649206f02a}"
        }
    ],
    "defaultLanguage": "{dbaaf116-5c0f-4dad-8b89-47926973c709}",
    "encoding": "ASCII",
    "languages": [
        {
            "properties": {
                "__categories": [
                ],
                "__groups": [
                ],
                "enabled": {
                    "enabled": true,
                    "type": "boolean",
                    "value": true,
                    "visible": true
                },
                "id": {
                    "enabled": true,
                    "type": "uuid",
                    "value": "{dbaaf116-5c0f-4dad-8b89-47926973c709}",
                    "visible": true
                },
                "name": {
                    "enabled": true,
                    "type": "text",
                    "value": "default",
                    "visible": true
                }
            }
        }
    ],
    "paths": [
    ],
    "strings": [
        {
            "properties": {
                "__categories": [
                ],
                "__groups": [
                ],
                "description": {
                    "enabled": true,
                    "type": "text",
                    "value": "",
                    "visible": true
                },
                "id": {
                    "enabled": true,
                    "type": "uuid",
                    "value": "{012bf144-6670-4377-b2f2-8af60b27b5cb}",
                    "visible": true
                },
                "name": {
                    "enabled": true,
                    "type": "text",
                    "value": "FileNotFound2",
                    "visible": true
                },
                "path": {
                    "enabled": true,
                    "type": "text",
                    "value": "/",
                    "visible": true
                }
            },
            "values": [
                {
                    "language": "{dbaaf116-5c0f-4dad-8b89-47926973c709}",
                    "value": "the root directory."
                }
            ]
        },
        {
            "properties": {
                "__categories": [
                ],
                "__groups": [
                ],
                "description": {
                    "enabled": true,
                    "type": "text",
                    "value": "",
                    "visible": true
                },
                "id": {
                    "enabled": true,
                    "type": "uuid",
                    "value": "{0a933eb9-250e-4978-88ab-59ff277f1ec4}",
                    "visible": true
                },
                "name": {
                    "enabled": true,
                    "type": "text",
                    "value": "FlashingComplete",
                    "visible": true
                },
                "path": {
                    "enabled": true,
                    "type": "text",
                    "value": "/",
                    "visible": true
                }
            },
            "values": [
                {
                    "language": "{dbaaf116-5c0f-4dad-8b89-47926973c709}",
                    "value": "Flashing complete!"
                }
            ]
        },
        {
            "properties": {
                "__categories": [
                ],
                "__groups": [
                ],
                "description": {
                    "enabled": true,
                    "type": "text",
                    "value": "",
                    "visible": true
                },
                "id": {
                    "enabled": true,
                    "type": "uuid",
                    "value": "{3d00e408-a3be-44c9-912d-869aaf59c87c}",
                    "visible": true
                },
                "name": {
                    "enabled": true,
                    "type": "text",
                    "value": "Title",
                    "visible": true
                },
                "path": {
                    "enabled": true,
                    "type": "text",
                    "value": "/",
                    "visible": true
                }
            },
            "values": [
                {
                    "language": "{dbaaf116-5c0f-4dad-8b89-47926973c709}",
                    "value": "Legato Memory Flashing Application"
                }
            ]
        },
        {
            "properties": {
                "__categories": [
                ],
                "__groups": [
                ],
                "description": {
                    "enabled": true,
                    "type": "text",
                    "value": "",
                    "visible": true
                },
                "id": {
                    "enabled": true,
                    "type": "uuid",
                    "value": "{436e53ae-8a9a-4f89-8a99-5242053deeee}",
                    "visible": true
                },
                "name": {
                    "enabled": true,
                    "type": "text",
                    "value": "RecordCount",
                    "visible": true
                },
                "path": {
                    "enabled": true,
                    "type": "text",
                    "value": "/",
                    "visible": true
                }
            },
            "values": [
                {
                    "language": "{dbaaf116-5c0f-4dad-8b89-47926973c709}",
                    "value": ""
                }
            ]
        },
        {
            "properties": {
                "__categories": [
                ],
                "__groups": [
                ],
                "description": {
                    "enabled": true,
                    "type": "text",
                    "value": "",
                    "visible": true
                },
                "id": {
                    "enabled": true,
                    "type": "uuid",
                    "value": "{5349228e-d648-4922-8f96-c0f4ebf90b06}",
                    "visible": true
                },
                "name": {
                    "enabled": true,
                    "type": "text",
                    "value": "UnknownError",
                    "visible": true
                },
                "path": {
                    "enabled": true,
                    "type": "text",
                    "value": "/",
                    "visible": true
                }
            },
            "values": [
                {
                    "language": "{dbaaf116-5c0f-4dad-8b89-47926973c709}",
                    "value": "An unknown error occured during record decoding."
                }
            ]
        },
        {
            "properties": {
                "__categories": [
                ],
                "__groups": [
                ],
                "description": {
                    "enabled": true,
                    "type": "text",
                    "value": "",
                    "visible": true
                },
                "id": {
                    "enabled": true,
                    "type": "uuid",
                    "value": "{60b3830d-e5f0-4136-b35e-1bb466b04532}",
                    "visible": true
                },
                "name": {
                    "enabled": true,
                    "type": "text",
                    "value": "Numbers",
                    "visible": true
                },
                "path": {
                    "enabled": true,
                    "type": "text",
                    "value": "/",
                    "visible": true
                }
            },
            "values": [
                {
                    "language": "{dbaaf116-5c0f-4dad-8b89-47926973c709}",
                    "value": "0123456789"
                }
            ]
        },
        {
            "properties": {
                "__categories": [
                ],
                "__groups": [
                ],
                "description": {
                    "enabled": true,
                    "type": "text",
                    "value": "",
                    "visible": true
                },
                "id": {
                    "enabled": true,
                    "type": "uuid",
                    "value": "{78f10168-d803-4adb-bd3c-d1966402e813}",
                    "visible": true
                },
                "name": {
                    "enabled": true,
                    "type": "text",
                    "value": "Done",
                    "visible": true
                },
                "path": {
                    "enabled": true,
                    "type": "text",
                    "value": "/",
                    "visible": true
                }
            },
            "values": [
                {
                    "language": "{dbaaf116-5c0f-4dad-8b89-47926973c709}",
                    "value": "Done!"
                }
            ]
        },
        {
            "properties": {
                "__categories": [
                ],
                "__groups": [
                ],
                "description": {
                    "enabled": true,
                    "type": "text",
                    "value": "",
                    "visible": true
                },
                "id": {
                    "enabled": true,
                    "type": "uuid",
                    "value": "{7dd79f0d-3fd3-457c-8214-22e0adf59ba3}",
                    "visible": true
                },
                "name": {
                    "enabled": true,
                    "type": "text",
                    "value": "NoMedium",
                    "visible": true
                },
                "path": {
                    "enabled": true,
                    "type": "text",
                    "value": "/",
                    "visible": true
                }
            },
            "values": [
                {
                    "language": "{dbaaf116-5c0f-4dad-8b89-47926973c709}",
                    "value": "The selected medium was not found."
                }
            ]
        },
        {
            "properties": {
                "__categories": [
                ],
                "__groups": [
                ],
                "description": {
                    "enabled": true,
                    "type": "text",
                    "value": "",
                    "visible": true
                },
                "id": {
                    "enabled": true,
                    "type": "uuid",
                    "value": "{8434ef4e-8537-422a-95af-002eca628d77}",
                    "visible": true
                },
                "name": {
                    "enabled": true,
                    "type": "text",
                    "value": "FileNotFound1",
                    "visible": true
                },
                "path": {
                    "enabled": true,
                    "type": "text",
                    "value": "/",
                    "visible": true
                }
            },
            "values": [
                {
                    "language": "{dbaaf116-5c0f-4dad-8b89-47926973c709}",
                    "value": "The selected medium did not contain 'SQI.hex' in"
                }
            ]
        },
        {
            "properties": {
                "__categories": [
                ],
                "__groups": [
                ],
                "description": {
                    "enabled": true,
                    "type": "text",
                    "value": "",
                    "visible": true
                },
                "id": {
                    "enabled": true,
                    "type": "uuid",
                    "value": "{8763e4ff-a336-4015-aec4-286247d93004}",
                    "visible": true
                },
                "name": {
                    "enabled": true,
                    "type": "text",
                    "value": "NoValidMedium",
                    "visible": true
                },
                "path": {
                    "enabled": true,
                    "type": "text",
                    "value": "/",
                    "visible": true
                }
            },
            "values": [
                {
                    "language": "{dbaaf116-5c0f-4dad-8b89-47926973c709}",
                    "value": "No valid storage mediums found."
                }
            ]
        },
        {
            "properties": {
                "__categories": [
                ],
                "__groups": [
                ],
                "description": {
                    "enabled": true,
                    "type": "text",
                    "value": "",
                    "visible": true
                },
                "id": {
                    "enabled": true,
                    "type": "uuid",
                    "value": "{94794541-231d-490e-8db2-7774392621c4}",
                    "visible": true
                },
                "name": {
                    "enabled": true,
                    "type": "text",
                    "value": "stringNumberFiller",
                    "visible": true
                },
                "path": {
                    "enabled": true,
                    "type": "text",
                    "value": "/",
                    "visible": true
                }
            },
            "values": [
                {
                    "language": "{dbaaf116-5c0f-4dad-8b89-47926973c709}",
                    "value": "99999999"
                }
            ]
        },
        {
            "properties": {
                "__categories": [
                ],
                "__groups": [
                ],
                "description": {
                    "enabled": true,
                    "type": "text",
                    "value": "",
                    "visible": true
                },
                "id": {
                    "enabled": true,
                    "type": "uuid",
                    "value": "{9a833f04-5fc8-4d74-9100-f9eb98e738a0}",
                    "visible": true
                },
                "name": {
                    "enabled": true,
                    "type": "text",
                    "value": "Ok",
                    "visible": true
                },
                "path": {
                    "enabled": true,
                    "type": "text",
                    "value": "/",
                    "visible": true
                }
            },
            "values": [
                {
                    "language": "{dbaaf116-5c0f-4dad-8b89-47926973c709}",
                    "value": "Ok"
                }
            ]
        },
        {
            "properties": {
                "__categories": [
                ],
                "__groups": [
                ],
                "description": {
                    "enabled": true,
                    "type": "text",
                    "value": "",
                    "visible": true
                },
                "id": {
                    "enabled": true,
                    "type": "uuid",
                    "value": "{a7c84464-6174-4e82-8f90-08ff7d4f7c5e}",
                    "visible": true
                },
                "name": {
                    "enabled": true,
                    "type": "text",
                    "value": "SDCard",
                    "visible": true
                },
                "path": {
                    "enabled": true,
                    "type": "text",
                    "value": "/",
                    "visible": true
                }
            },
            "values": [
                {
                    "language": "{dbaaf116-5c0f-4dad-8b89-47926973c709}",
                    "value": "SD Card"
                }
            ]
        },
        {
            "properties": {
                "__categories": [
                ],
                "__groups": [
                ],
                "description": {
                    "enabled": true,
                    "type": "text",
                    "value": "",
                    "visible": true
                },
                "id": {
                    "enabled": true,
                    "type": "uuid",
                    "value": "{ad1fe18e-317d-4a6e-aa1f-31f71a6fa7d8}",
                    "visible": true
                },
                "name": {
                    "enabled": true,
                    "type": "text",
                    "value": "SelectSource",
                    "visible": true
                },
                "path": {
                    "enabled": true,
                    "type": "text",
                    "value": "/",
                    "visible": true
                }
            },
            "values": [
                {
                    "language": "{dbaaf116-5c0f-4dad-8b89-47926973c709}",
                    "value": "Select source from which to load 'SQI.hex'"
                }
            ]
        },
        {
            "properties": {
                "__categories": [
                ],
                "__groups": [
                ],
                "description": {
                    "enabled": true,
                    "type": "text",
                    "value": "",
                    "visible": true
                },
                "id": {
                    "enabled": true,
                    "type": "uuid",
                    "value": "{b428843f-a80e-4547-87d1-347374dfd09b}",
                    "visible": true
                },
                "name": {
                    "enabled": true,
                    "type": "text",
                    "value": "Of",
                    "visible": true
                },
                "path": {
                    "enabled": true,
                    "type": "text",
                    "value": "/",
                    "visible": true
                }
            },
            "values": [
                {
                    "language": "{dbaaf116-5c0f-4dad-8b89-47926973c709}",
                    "value": "of"
                }
            ]
        },
        {
            "properties": {
                "__categories": [
                ],
                "__groups": [
                ],
                "description": {
                    "enabled": true,
                    "type": "text",
                    "value": "",
                    "visible": true
                },
                "id": {
                    "enabled": true,
                    "type": "uuid",
                    "value": "{b94bb3cb-736f-40a4-a7e8-0116fa48efc0}",
                    "visible": true
                },
                "name": {
                    "enabled": true,
                    "type": "text",
                    "value": "Flashing",
                    "visible": true
                },
                "path": {
                    "enabled": true,
                    "type": "text",
                    "value": "/",
                    "visible": true
                }
            },
            "values": [
                {
                    "language": "{dbaaf116-5c0f-4dad-8b89-47926973c709}",
                    "value": "Flashing..."
                }
            ]
        },
        {
            "properties": {
                "__categories": [
                ],
                "__groups": [
                ],
                "description": {
                    "enabled": true,
                    "type": "text",
                    "value": "",
                    "visible": true
                },
                "id": {
                    "enabled": true,
                    "type": "uuid",
                    "value": "{f5c78121-9735-4dd1-97b4-62fc646d858b}",
                    "visible": true
                },
                "name": {
                    "enabled": true,
                    "type": "text",
                    "value": "NoValidMedium2",
                    "visible": true
                },
                "path": {
                    "enabled": true,
                    "type": "text",
                    "value": "/",
                    "visible": true
                }
            },
            "values": [
                {
                    "language": "{dbaaf116-5c0f-4dad-8b89-47926973c709}",
                    "value": "Please insert a USB device or SD Card."
                }
            ]
        },
        {
            "properties": {
                "__categories": [
                ],
                "__groups": [
                ],
                "description": {
                    "enabled": true,
                    "type": "text",
                    "value": "",
                    "visible": true
                },
                "id": {
                    "enabled": true,
                    "type": "uuid",
                    "value": "{fbead3c0-f14a-47b9-83ea-84649206f02a}",
                    "visible": true
                },
                "name": {
                    "enabled": true,
                    "type": "text",
                    "value": "InvalidFile",
                    "visible": true
                },
                "path": {
                    "enabled": true,
                    "type": "text",
                    "value": "/",
                    "visible": true
                }
            },
            "values": [
                {
                    "language": "{dbaaf116-5c0f-4dad-8b89-47926973c709}",
                    "value": "The image file is not valid."
                }
            ]
        },
        {
            "properties": {
                "__categories": [
                ],
                "__groups": [
                ],
                "description": {
                    "enabled": true,
                    "type": "text",
                    "value": "",
                    "visible": true
                },
                "id": {
                    "enabled": true,
                    "type": "uuid",
                    "value": "{fdab3b97-eb6b-4bfa-87bd-42b7c737932f}",
                    "visible": true
                },
                "name": {
                    "enabled": true,
                    "type": "text",
                    "value": "USB",
                    "visible": true
                },
                "path": {
                    "enabled": true,
                    "type": "text",
                    "value": "/",
                    "visible": true
                }
            },
            "values": [
                {
                    "language": "{dbaaf116-5c0f-4dad-8b89-47926973c709}",
                    "value": "USB"
                }
            ]
        }
    ]
}
