{
    "fonts": [
        {
            "id": "{8a2335a9-32b1-47d6-a6db-2dc582ff4963}",
            "name": "NotoSans_Regular"
        },
        {
            "id": "{961c4016-a208-4ad2-842d-1a72eebaa0ad}",
            "name": "NotoSans_Regular_20"
        },
        {
            "id": "{d5df7d5b-9072-401b-9f8f-372ba3974477}",
            "name": "NotoSans_Regular_wheel"
        },
        {
            "id": "{8b969cf7-8213-473f-8794-e380be2f6b3c}",
            "name": "NotoSans_Regular_Time"
        },
        {
            "id": "{7dba4184-0bba-402c-9689-ef5bb7b2815c}",
            "name": "NotoSans_Bold"
        },
        {
            "id": "{d27a6685-0d02-4773-978f-1b1c01e2da2d}",
            "name": "NotoSans_Bold_CookTime"
        },
        {
            "id": "{a607f963-8c66-4d09-a9db-ebdd7aedaf59}",
            "name": "NotoSans_Regular_Menu"
        },
        {
            "id": "{76516e74-5e41-404c-a3b5-27dae2cfa7f2}",
            "name": "NotoSans_Bold_Time2"
        },
        {
            "id": "{c37dba3a-4903-4e65-9f2c-45bc442aa44b}",
            "name": "NotoSans_Regular_Time2"
        },
        {
            "id": "{d4246c4f-0322-4951-9195-a2fe0ec24bb7}",
            "name": "TitleFont"
        },
        {
            "id": "{52a308e3-a642-4ebf-987e-65ddea21f8e5}",
            "name": "NotoMono_40"
        },
        {
            "id": "{26247c62-4809-4999-a1ac-8fe224ed0fa6}",
            "name": "NotoMono_30"
        },
        {
            "id": "{ceabcd2a-9995-4bbf-a62a-80b821d1aa90}",
            "name": "NotoMono_50"
        },
        {
            "id": "{6be9fe14-331c-4823-b555-048a267e8957}",
            "name": "CCtrl_Temp_Font"
        },
        {
            "id": "{5f823e5f-30ce-439c-b7c2-2dffc7d4099e}",
            "name": "TitleTiny"
        },
        {
            "id": "{15bbe528-5370-4575-95f6-b50293ede97f}",
            "name": "Font_Info"
        },
        {
            "id": "{e771e151-cc54-420a-8c8c-785ef8763df4}",
            "name": "FPS_Font"
        }
    ],
    "paths": [
    ]
}
