{
    "systemLocations": [
        {
            "properties": {
                "__categories": [
                    {
                        "expanded": true,
                        "id": "System Location Properties",
                        "visible": true
                    }
                ],
                "__groups": [
                ],
                "capacity": {
                    "enabled": true,
                    "type": "integer",
                    "value": 1048576,
                    "visible": true
                },
                "id": {
                    "enabled": true,
                    "type": "uuid",
                    "value": "{133ae026-b82f-467d-900f-d49dff89ceae}",
                    "visible": true
                },
                "name": {
                    "enabled": true,
                    "type": "text",
                    "value": "Internal Flash",
                    "visible": true
                }
            }
        },
        {
            "properties": {
                "__categories": [
                    {
                        "expanded": true,
                        "id": "System Location Properties",
                        "visible": true
                    }
                ],
                "__groups": [
                ],
                "capacity": {
                    "enabled": true,
                    "type": "integer",
                    "value": 512000,
                    "visible": true
                },
                "id": {
                    "enabled": true,
                    "type": "uuid",
                    "value": "{95ce752b-f611-42a1-aafa-00d5756ac14b}",
                    "visible": true
                },
                "name": {
                    "enabled": true,
                    "type": "text",
                    "value": "Internal SRAM",
                    "visible": true
                }
            }
        }
    ],
    "userLocations": [
        {
            "properties": {
                "__categories": [
                    {
                        "expanded": true,
                        "id": "User Location Properties",
                        "visible": true
                    }
                ],
                "__groups": [
                ],
                "accessMode": {
                    "enabled": true,
                    "type": "combo",
                    "value": 0,
                    "visible": true
                },
                "capacity": {
                    "enabled": true,
                    "type": "integer",
                    "value": 8388608,
                    "visible": true
                },
                "id": {
                    "enabled": true,
                    "type": "uuid",
                    "value": "{98ab1789-3208-4867-9ecc-1c746859a21a}",
                    "visible": true
                },
                "logicalStartingAddress": {
                    "enabled": true,
                    "type": "hex",
                    "value": 67108864,
                    "visible": true
                },
                "memorymapped": {
                    "enabled": true,
                    "type": "boolean",
                    "value": true,
                    "visible": true
                },
                "name": {
                    "enabled": true,
                    "type": "text",
                    "value": "QSPI_XIP",
                    "visible": true
                },
                "outputFileName": {
                    "enabled": true,
                    "type": "text",
                    "value": "QSPI_IMG",
                    "visible": true
                },
                "outputFileType": {
                    "enabled": true,
                    "type": "combo",
                    "value": 2,
                    "visible": true
                },
                "startingAddress": {
                    "enabled": true,
                    "type": "hex",
                    "value": 67108864,
                    "visible": false
                },
                "useLogicalAddress": {
                    "enabled": true,
                    "type": "boolean",
                    "value": true,
                    "visible": true
                },
                "writeAlignment": {
                    "enabled": true,
                    "type": "combo",
                    "value": 1,
                    "visible": false
                },
                "writeStartingAddress": {
                    "enabled": true,
                    "type": "hex",
                    "value": 0,
                    "visible": false
                }
            },
            "reservedBlocks": [
            ]
        }
    ]
}
