{
    "activeLayer": "{9f4f188b-c36c-4210-94a7-01d3fdc3e6fd}",
    "events": {
        "hideEvent": {
            "enabled": "false",
            "properties": {
                "__categories": [
                ],
                "__groups": [
                ],
                "enabled": {
                    "enabled": true,
                    "type": "boolean",
                    "value": false,
                    "visible": true
                },
                "id": {
                    "enabled": true,
                    "type": "uuid",
                    "value": "{fcb76934-1bdc-4de3-a855-f0624f635b4b}",
                    "visible": true
                }
            }
        },
        "showEvent": {
            "enabled": "true",
            "properties": {
                "__categories": [
                ],
                "__groups": [
                ],
                "enabled": {
                    "enabled": true,
                    "type": "boolean",
                    "value": true,
                    "visible": true
                },
                "id": {
                    "enabled": true,
                    "type": "uuid",
                    "value": "{91a5712e-3754-4792-b96e-e29e93051a64}",
                    "visible": true
                }
            }
        },
        "updateEvent": {
            "enabled": "true",
            "properties": {
                "__categories": [
                ],
                "__groups": [
                ],
                "enabled": {
                    "enabled": true,
                    "type": "boolean",
                    "value": true,
                    "visible": true
                },
                "id": {
                    "enabled": true,
                    "type": "uuid",
                    "value": "{c5e106ac-c394-4e4b-8448-c761c3bb432c}",
                    "visible": true
                }
            }
        }
    },
    "layers": [
        {
            "children": [
                {
                    "properties": {
                        "__categories": [
                            {
                                "expanded": true,
                                "id": "widget",
                                "visible": true
                            },
                            {
                                "expanded": true,
                                "id": "gradient",
                                "visible": true
                            }
                        ],
                        "__groups": [
                            {
                                "expanded": false,
                                "id": "position",
                                "visible": true
                            },
                            {
                                "expanded": false,
                                "id": "size",
                                "visible": true
                            },
                            {
                                "expanded": false,
                                "id": "alignment",
                                "visible": true
                            },
                            {
                                "expanded": false,
                                "id": "margins",
                                "visible": true
                            }
                        ],
                        "alphaEnable": {
                            "enabled": true,
                            "type": "boolean",
                            "value": false,
                            "visible": true
                        },
                        "alphaLevel": {
                            "enabled": true,
                            "type": "integer",
                            "value": 255,
                            "visible": true
                        },
                        "background": {
                            "enabled": true,
                            "type": "combo",
                            "value": 1,
                            "visible": true
                        },
                        "border": {
                            "enabled": true,
                            "type": "combo",
                            "value": 0,
                            "visible": true
                        },
                        "direction": {
                            "enabled": true,
                            "type": "combo",
                            "value": 1,
                            "visible": true
                        },
                        "editorExpanded": {
                            "enabled": true,
                            "type": "boolean",
                            "value": true,
                            "visible": false
                        },
                        "enabled": {
                            "enabled": true,
                            "type": "boolean",
                            "value": true,
                            "visible": true
                        },
                        "halign": {
                            "enabled": true,
                            "type": "combo",
                            "value": 1,
                            "visible": true
                        },
                        "height": {
                            "enabled": true,
                            "type": "integer",
                            "value": 320,
                            "visible": true
                        },
                        "id": {
                            "enabled": true,
                            "type": "uuid",
                            "value": "{6b69de0a-28f5-4785-9310-d09a5b9b0b01}",
                            "visible": true
                        },
                        "marginBottom": {
                            "enabled": true,
                            "type": "integer",
                            "value": 4,
                            "visible": true
                        },
                        "marginLeft": {
                            "enabled": true,
                            "type": "integer",
                            "value": 4,
                            "visible": true
                        },
                        "marginRight": {
                            "enabled": true,
                            "type": "integer",
                            "value": 4,
                            "visible": true
                        },
                        "marginTop": {
                            "enabled": true,
                            "type": "integer",
                            "value": 4,
                            "visible": true
                        },
                        "name": {
                            "enabled": true,
                            "type": "text",
                            "value": "GradientWidget7",
                            "visible": true
                        },
                        "scheme": {
                            "enabled": true,
                            "type": "scheme",
                            "value": "{957d9509-19e0-4ba3-be6e-3858075e105b}",
                            "visible": true
                        },
                        "valign": {
                            "enabled": true,
                            "type": "combo",
                            "value": 1,
                            "visible": true
                        },
                        "visible": {
                            "enabled": true,
                            "type": "boolean",
                            "value": true,
                            "visible": true
                        },
                        "width": {
                            "enabled": true,
                            "type": "integer",
                            "value": 480,
                            "visible": true
                        },
                        "x": {
                            "enabled": true,
                            "type": "integer",
                            "value": 0,
                            "visible": true
                        },
                        "y": {
                            "enabled": true,
                            "type": "integer",
                            "value": 0,
                            "visible": true
                        }
                    },
                    "type": "GradientWidget"
                },
                {
                    "events": {
                        "pressEvent": {
                            "enabled": "false",
                            "properties": {
                                "__categories": [
                                ],
                                "__groups": [
                                ],
                                "enabled": {
                                    "enabled": true,
                                    "type": "boolean",
                                    "value": false,
                                    "visible": true
                                },
                                "id": {
                                    "enabled": true,
                                    "type": "uuid",
                                    "value": "{bf4b58cd-c199-412a-9aea-402d52f00206}",
                                    "visible": true
                                }
                            }
                        },
                        "releaseEvent": {
                            "enabled": "true",
                            "properties": {
                                "__categories": [
                                ],
                                "__groups": [
                                ],
                                "enabled": {
                                    "enabled": true,
                                    "type": "boolean",
                                    "value": true,
                                    "visible": true
                                },
                                "id": {
                                    "enabled": true,
                                    "type": "uuid",
                                    "value": "{bc28e15a-5e2d-49f1-bfb8-9c3185a7a87c}",
                                    "visible": true
                                }
                            }
                        }
                    },
                    "properties": {
                        "__categories": [
                            {
                                "expanded": true,
                                "id": "widget",
                                "visible": true
                            },
                            {
                                "expanded": true,
                                "id": "button",
                                "visible": true
                            },
                            {
                                "expanded": true,
                                "id": "event",
                                "visible": true
                            }
                        ],
                        "__groups": [
                            {
                                "expanded": false,
                                "id": "position",
                                "visible": true
                            },
                            {
                                "expanded": false,
                                "id": "size",
                                "visible": true
                            },
                            {
                                "expanded": false,
                                "id": "alignment",
                                "visible": true
                            },
                            {
                                "expanded": false,
                                "id": "margins",
                                "visible": true
                            }
                        ],
                        "alphaEnable": {
                            "enabled": true,
                            "type": "boolean",
                            "value": true,
                            "visible": true
                        },
                        "alphaLevel": {
                            "enabled": true,
                            "type": "integer",
                            "value": 255,
                            "visible": true
                        },
                        "background": {
                            "enabled": true,
                            "type": "combo",
                            "value": 0,
                            "visible": true
                        },
                        "border": {
                            "enabled": true,
                            "type": "combo",
                            "value": 0,
                            "visible": true
                        },
                        "editorExpanded": {
                            "enabled": true,
                            "type": "boolean",
                            "value": true,
                            "visible": false
                        },
                        "enabled": {
                            "enabled": true,
                            "type": "boolean",
                            "value": true,
                            "visible": true
                        },
                        "halign": {
                            "enabled": true,
                            "type": "combo",
                            "value": 1,
                            "visible": true
                        },
                        "height": {
                            "enabled": true,
                            "type": "integer",
                            "value": 60,
                            "visible": true
                        },
                        "id": {
                            "enabled": true,
                            "type": "uuid",
                            "value": "{6ccb7f4d-646f-4f38-9213-bfcd10b6dc52}",
                            "visible": true
                        },
                        "imageMargin": {
                            "enabled": true,
                            "type": "integer",
                            "value": 10,
                            "visible": true
                        },
                        "imagePosition": {
                            "enabled": true,
                            "type": "combo",
                            "value": 0,
                            "visible": true
                        },
                        "marginBottom": {
                            "enabled": true,
                            "type": "integer",
                            "value": 4,
                            "visible": true
                        },
                        "marginLeft": {
                            "enabled": true,
                            "type": "integer",
                            "value": 4,
                            "visible": true
                        },
                        "marginRight": {
                            "enabled": true,
                            "type": "integer",
                            "value": 4,
                            "visible": true
                        },
                        "marginTop": {
                            "enabled": true,
                            "type": "integer",
                            "value": 4,
                            "visible": true
                        },
                        "name": {
                            "enabled": true,
                            "type": "text",
                            "value": "SettingsHomeButton",
                            "visible": true
                        },
                        "pressOffset": {
                            "enabled": true,
                            "type": "integer",
                            "value": 1,
                            "visible": true
                        },
                        "pressed": {
                            "enabled": true,
                            "type": "boolean",
                            "value": false,
                            "visible": false
                        },
                        "pressedImage": {
                            "enabled": true,
                            "type": "image",
                            "value": "{01fad7c5-6425-4acc-b0ed-e674aa5e002e}",
                            "visible": true
                        },
                        "releasedImage": {
                            "enabled": true,
                            "type": "image",
                            "value": "{01fad7c5-6425-4acc-b0ed-e674aa5e002e}",
                            "visible": true
                        },
                        "scheme": {
                            "enabled": true,
                            "type": "scheme",
                            "value": "{00000000-0000-0000-0000-000000000000}",
                            "visible": true
                        },
                        "string": {
                            "enabled": true,
                            "type": "string",
                            "value": "{00000000-0000-0000-0000-000000000000}",
                            "visible": true
                        },
                        "toggleable": {
                            "enabled": true,
                            "type": "boolean",
                            "value": false,
                            "visible": true
                        },
                        "valign": {
                            "enabled": true,
                            "type": "combo",
                            "value": 1,
                            "visible": true
                        },
                        "visible": {
                            "enabled": true,
                            "type": "boolean",
                            "value": true,
                            "visible": true
                        },
                        "width": {
                            "enabled": true,
                            "type": "integer",
                            "value": 60,
                            "visible": true
                        },
                        "x": {
                            "enabled": true,
                            "type": "integer",
                            "value": 421,
                            "visible": true
                        },
                        "y": {
                            "enabled": true,
                            "type": "integer",
                            "value": 260,
                            "visible": true
                        }
                    },
                    "type": "ButtonWidget"
                },
                {
                    "children": [
                        {
                            "events": {
                                "pressEvent": {
                                    "enabled": "false",
                                    "properties": {
                                        "__categories": [
                                        ],
                                        "__groups": [
                                        ],
                                        "enabled": {
                                            "enabled": true,
                                            "type": "boolean",
                                            "value": false,
                                            "visible": true
                                        },
                                        "id": {
                                            "enabled": true,
                                            "type": "uuid",
                                            "value": "{85bd745f-476f-4b9a-a8e5-a2d4229d462f}",
                                            "visible": true
                                        }
                                    }
                                },
                                "releaseEvent": {
                                    "enabled": "true",
                                    "properties": {
                                        "__categories": [
                                        ],
                                        "__groups": [
                                        ],
                                        "enabled": {
                                            "enabled": true,
                                            "type": "boolean",
                                            "value": true,
                                            "visible": true
                                        },
                                        "id": {
                                            "enabled": true,
                                            "type": "uuid",
                                            "value": "{9757980e-45ef-4a5d-a081-2b7f89be7c49}",
                                            "visible": true
                                        }
                                    }
                                }
                            },
                            "properties": {
                                "__categories": [
                                    {
                                        "expanded": true,
                                        "id": "widget",
                                        "visible": true
                                    },
                                    {
                                        "expanded": true,
                                        "id": "button",
                                        "visible": true
                                    },
                                    {
                                        "expanded": true,
                                        "id": "event",
                                        "visible": true
                                    }
                                ],
                                "__groups": [
                                    {
                                        "expanded": false,
                                        "id": "position",
                                        "visible": true
                                    },
                                    {
                                        "expanded": false,
                                        "id": "size",
                                        "visible": true
                                    },
                                    {
                                        "expanded": false,
                                        "id": "alignment",
                                        "visible": true
                                    },
                                    {
                                        "expanded": false,
                                        "id": "margins",
                                        "visible": true
                                    }
                                ],
                                "alphaEnable": {
                                    "enabled": true,
                                    "type": "boolean",
                                    "value": false,
                                    "visible": true
                                },
                                "alphaLevel": {
                                    "enabled": true,
                                    "type": "integer",
                                    "value": 255,
                                    "visible": true
                                },
                                "background": {
                                    "enabled": true,
                                    "type": "combo",
                                    "value": 0,
                                    "visible": true
                                },
                                "border": {
                                    "enabled": true,
                                    "type": "combo",
                                    "value": 0,
                                    "visible": true
                                },
                                "editorExpanded": {
                                    "enabled": true,
                                    "type": "boolean",
                                    "value": true,
                                    "visible": false
                                },
                                "enabled": {
                                    "enabled": true,
                                    "type": "boolean",
                                    "value": true,
                                    "visible": true
                                },
                                "halign": {
                                    "enabled": true,
                                    "type": "combo",
                                    "value": 1,
                                    "visible": true
                                },
                                "height": {
                                    "enabled": true,
                                    "type": "integer",
                                    "value": 38,
                                    "visible": true
                                },
                                "id": {
                                    "enabled": true,
                                    "type": "uuid",
                                    "value": "{78a2a33b-54e3-45f1-86d2-8075fb9ec100}",
                                    "visible": true
                                },
                                "imageMargin": {
                                    "enabled": true,
                                    "type": "integer",
                                    "value": 10,
                                    "visible": true
                                },
                                "imagePosition": {
                                    "enabled": true,
                                    "type": "combo",
                                    "value": 0,
                                    "visible": true
                                },
                                "marginBottom": {
                                    "enabled": true,
                                    "type": "integer",
                                    "value": 4,
                                    "visible": true
                                },
                                "marginLeft": {
                                    "enabled": true,
                                    "type": "integer",
                                    "value": 4,
                                    "visible": true
                                },
                                "marginRight": {
                                    "enabled": true,
                                    "type": "integer",
                                    "value": 4,
                                    "visible": true
                                },
                                "marginTop": {
                                    "enabled": true,
                                    "type": "integer",
                                    "value": 4,
                                    "visible": true
                                },
                                "name": {
                                    "enabled": true,
                                    "type": "text",
                                    "value": "ButtonWidgetEnglish",
                                    "visible": true
                                },
                                "pressOffset": {
                                    "enabled": true,
                                    "type": "integer",
                                    "value": 1,
                                    "visible": true
                                },
                                "pressed": {
                                    "enabled": true,
                                    "type": "boolean",
                                    "value": false,
                                    "visible": false
                                },
                                "pressedImage": {
                                    "enabled": true,
                                    "type": "image",
                                    "value": "",
                                    "visible": true
                                },
                                "releasedImage": {
                                    "enabled": true,
                                    "type": "image",
                                    "value": "",
                                    "visible": true
                                },
                                "scheme": {
                                    "enabled": true,
                                    "type": "scheme",
                                    "value": "{00000000-0000-0000-0000-000000000000}",
                                    "visible": true
                                },
                                "string": {
                                    "enabled": true,
                                    "type": "string",
                                    "value": "{00000000-0000-0000-0000-000000000000}",
                                    "visible": true
                                },
                                "toggleable": {
                                    "enabled": true,
                                    "type": "boolean",
                                    "value": false,
                                    "visible": true
                                },
                                "valign": {
                                    "enabled": true,
                                    "type": "combo",
                                    "value": 1,
                                    "visible": true
                                },
                                "visible": {
                                    "enabled": true,
                                    "type": "boolean",
                                    "value": true,
                                    "visible": true
                                },
                                "width": {
                                    "enabled": true,
                                    "type": "integer",
                                    "value": 126,
                                    "visible": true
                                },
                                "x": {
                                    "enabled": true,
                                    "type": "integer",
                                    "value": 128,
                                    "visible": true
                                },
                                "y": {
                                    "enabled": true,
                                    "type": "integer",
                                    "value": 0,
                                    "visible": true
                                }
                            },
                            "type": "ButtonWidget"
                        },
                        {
                            "events": {
                                "pressEvent": {
                                    "enabled": "false",
                                    "properties": {
                                        "__categories": [
                                        ],
                                        "__groups": [
                                        ],
                                        "enabled": {
                                            "enabled": true,
                                            "type": "boolean",
                                            "value": false,
                                            "visible": true
                                        },
                                        "id": {
                                            "enabled": true,
                                            "type": "uuid",
                                            "value": "{65c85f2f-173d-466c-8be3-4ec4c8b65ad3}",
                                            "visible": true
                                        }
                                    }
                                },
                                "releaseEvent": {
                                    "enabled": "true",
                                    "properties": {
                                        "__categories": [
                                        ],
                                        "__groups": [
                                        ],
                                        "enabled": {
                                            "enabled": true,
                                            "type": "boolean",
                                            "value": true,
                                            "visible": true
                                        },
                                        "id": {
                                            "enabled": true,
                                            "type": "uuid",
                                            "value": "{48683654-27aa-49e6-9467-9fc8bf958a1e}",
                                            "visible": true
                                        }
                                    }
                                }
                            },
                            "properties": {
                                "__categories": [
                                    {
                                        "expanded": true,
                                        "id": "widget",
                                        "visible": true
                                    },
                                    {
                                        "expanded": true,
                                        "id": "button",
                                        "visible": true
                                    },
                                    {
                                        "expanded": true,
                                        "id": "event",
                                        "visible": true
                                    }
                                ],
                                "__groups": [
                                    {
                                        "expanded": false,
                                        "id": "position",
                                        "visible": true
                                    },
                                    {
                                        "expanded": false,
                                        "id": "size",
                                        "visible": true
                                    },
                                    {
                                        "expanded": false,
                                        "id": "alignment",
                                        "visible": true
                                    },
                                    {
                                        "expanded": false,
                                        "id": "margins",
                                        "visible": true
                                    }
                                ],
                                "alphaEnable": {
                                    "enabled": true,
                                    "type": "boolean",
                                    "value": false,
                                    "visible": true
                                },
                                "alphaLevel": {
                                    "enabled": true,
                                    "type": "integer",
                                    "value": 255,
                                    "visible": true
                                },
                                "background": {
                                    "enabled": true,
                                    "type": "combo",
                                    "value": 0,
                                    "visible": true
                                },
                                "border": {
                                    "enabled": true,
                                    "type": "combo",
                                    "value": 0,
                                    "visible": true
                                },
                                "editorExpanded": {
                                    "enabled": true,
                                    "type": "boolean",
                                    "value": true,
                                    "visible": false
                                },
                                "enabled": {
                                    "enabled": true,
                                    "type": "boolean",
                                    "value": false,
                                    "visible": true
                                },
                                "halign": {
                                    "enabled": true,
                                    "type": "combo",
                                    "value": 1,
                                    "visible": true
                                },
                                "height": {
                                    "enabled": true,
                                    "type": "integer",
                                    "value": 39,
                                    "visible": true
                                },
                                "id": {
                                    "enabled": true,
                                    "type": "uuid",
                                    "value": "{bd6cf512-3176-468d-bd7a-89090d8fd2de}",
                                    "visible": true
                                },
                                "imageMargin": {
                                    "enabled": true,
                                    "type": "integer",
                                    "value": 10,
                                    "visible": true
                                },
                                "imagePosition": {
                                    "enabled": true,
                                    "type": "combo",
                                    "value": 0,
                                    "visible": true
                                },
                                "marginBottom": {
                                    "enabled": true,
                                    "type": "integer",
                                    "value": 4,
                                    "visible": true
                                },
                                "marginLeft": {
                                    "enabled": true,
                                    "type": "integer",
                                    "value": 4,
                                    "visible": true
                                },
                                "marginRight": {
                                    "enabled": true,
                                    "type": "integer",
                                    "value": 4,
                                    "visible": true
                                },
                                "marginTop": {
                                    "enabled": true,
                                    "type": "integer",
                                    "value": 4,
                                    "visible": true
                                },
                                "name": {
                                    "enabled": true,
                                    "type": "text",
                                    "value": "ButtonWidgetChinese",
                                    "visible": true
                                },
                                "pressOffset": {
                                    "enabled": true,
                                    "type": "integer",
                                    "value": 1,
                                    "visible": true
                                },
                                "pressed": {
                                    "enabled": true,
                                    "type": "boolean",
                                    "value": false,
                                    "visible": false
                                },
                                "pressedImage": {
                                    "enabled": true,
                                    "type": "image",
                                    "value": "",
                                    "visible": true
                                },
                                "releasedImage": {
                                    "enabled": true,
                                    "type": "image",
                                    "value": "",
                                    "visible": true
                                },
                                "scheme": {
                                    "enabled": true,
                                    "type": "scheme",
                                    "value": "{00000000-0000-0000-0000-000000000000}",
                                    "visible": true
                                },
                                "string": {
                                    "enabled": true,
                                    "type": "string",
                                    "value": "{00000000-0000-0000-0000-000000000000}",
                                    "visible": true
                                },
                                "toggleable": {
                                    "enabled": true,
                                    "type": "boolean",
                                    "value": false,
                                    "visible": true
                                },
                                "valign": {
                                    "enabled": true,
                                    "type": "combo",
                                    "value": 1,
                                    "visible": true
                                },
                                "visible": {
                                    "enabled": true,
                                    "type": "boolean",
                                    "value": true,
                                    "visible": true
                                },
                                "width": {
                                    "enabled": true,
                                    "type": "integer",
                                    "value": 123,
                                    "visible": true
                                },
                                "x": {
                                    "enabled": true,
                                    "type": "integer",
                                    "value": 254,
                                    "visible": true
                                },
                                "y": {
                                    "enabled": true,
                                    "type": "integer",
                                    "value": 0,
                                    "visible": true
                                }
                            },
                            "type": "ButtonWidget"
                        },
                        {
                            "events": {
                                "deselectedEvent": {
                                    "enabled": "false",
                                    "properties": {
                                        "__categories": [
                                        ],
                                        "__groups": [
                                        ],
                                        "enabled": {
                                            "enabled": true,
                                            "type": "boolean",
                                            "value": false,
                                            "visible": true
                                        },
                                        "id": {
                                            "enabled": true,
                                            "type": "uuid",
                                            "value": "{2ff2f678-9ca8-4f88-9bb0-c2b4e0abc5ed}",
                                            "visible": true
                                        }
                                    }
                                },
                                "selectedEvent": {
                                    "enabled": "false",
                                    "properties": {
                                        "__categories": [
                                        ],
                                        "__groups": [
                                        ],
                                        "enabled": {
                                            "enabled": true,
                                            "type": "boolean",
                                            "value": false,
                                            "visible": true
                                        },
                                        "id": {
                                            "enabled": true,
                                            "type": "uuid",
                                            "value": "{365514b2-d5e7-4603-8b86-d944137fcbee}",
                                            "visible": true
                                        }
                                    }
                                }
                            },
                            "properties": {
                                "__categories": [
                                    {
                                        "expanded": true,
                                        "id": "widget",
                                        "visible": true
                                    },
                                    {
                                        "expanded": true,
                                        "id": "radioButton",
                                        "visible": true
                                    },
                                    {
                                        "expanded": true,
                                        "id": "event",
                                        "visible": true
                                    }
                                ],
                                "__groups": [
                                    {
                                        "expanded": false,
                                        "id": "position",
                                        "visible": true
                                    },
                                    {
                                        "expanded": false,
                                        "id": "size",
                                        "visible": true
                                    },
                                    {
                                        "expanded": false,
                                        "id": "alignment",
                                        "visible": true
                                    },
                                    {
                                        "expanded": false,
                                        "id": "margins",
                                        "visible": true
                                    }
                                ],
                                "alphaEnable": {
                                    "enabled": true,
                                    "type": "boolean",
                                    "value": false,
                                    "visible": true
                                },
                                "alphaLevel": {
                                    "enabled": true,
                                    "type": "integer",
                                    "value": 255,
                                    "visible": true
                                },
                                "background": {
                                    "enabled": true,
                                    "type": "combo",
                                    "value": 0,
                                    "visible": true
                                },
                                "border": {
                                    "enabled": true,
                                    "type": "combo",
                                    "value": 0,
                                    "visible": true
                                },
                                "circleButtonSize": {
                                    "enabled": true,
                                    "type": "integer",
                                    "value": 12,
                                    "visible": true
                                },
                                "editorExpanded": {
                                    "enabled": true,
                                    "type": "boolean",
                                    "value": true,
                                    "visible": false
                                },
                                "enabled": {
                                    "enabled": true,
                                    "type": "boolean",
                                    "value": false,
                                    "visible": true
                                },
                                "group": {
                                    "enabled": true,
                                    "type": "integer",
                                    "value": 0,
                                    "visible": true
                                },
                                "halign": {
                                    "enabled": true,
                                    "type": "combo",
                                    "value": 0,
                                    "visible": true
                                },
                                "height": {
                                    "enabled": true,
                                    "type": "integer",
                                    "value": 25,
                                    "visible": true
                                },
                                "id": {
                                    "enabled": true,
                                    "type": "uuid",
                                    "value": "{15b8a704-21d7-40c9-b4d1-165ccec29f8b}",
                                    "visible": true
                                },
                                "imageMargin": {
                                    "enabled": true,
                                    "type": "integer",
                                    "value": 10,
                                    "visible": true
                                },
                                "imagePosition": {
                                    "enabled": true,
                                    "type": "combo",
                                    "value": 0,
                                    "visible": true
                                },
                                "marginBottom": {
                                    "enabled": true,
                                    "type": "integer",
                                    "value": 4,
                                    "visible": true
                                },
                                "marginLeft": {
                                    "enabled": true,
                                    "type": "integer",
                                    "value": 4,
                                    "visible": true
                                },
                                "marginRight": {
                                    "enabled": true,
                                    "type": "integer",
                                    "value": 4,
                                    "visible": true
                                },
                                "marginTop": {
                                    "enabled": true,
                                    "type": "integer",
                                    "value": 4,
                                    "visible": true
                                },
                                "name": {
                                    "enabled": true,
                                    "type": "text",
                                    "value": "RadioButtonEnglish",
                                    "visible": true
                                },
                                "scheme": {
                                    "enabled": true,
                                    "type": "scheme",
                                    "value": "{00000000-0000-0000-0000-000000000000}",
                                    "visible": true
                                },
                                "selected": {
                                    "enabled": true,
                                    "type": "boolean",
                                    "value": true,
                                    "visible": true
                                },
                                "selectedImage": {
                                    "enabled": true,
                                    "type": "image",
                                    "value": "",
                                    "visible": true
                                },
                                "string": {
                                    "enabled": true,
                                    "type": "string",
                                    "value": "{861f0f46-effb-4ef8-90b0-f1a5c27744a3}",
                                    "visible": true
                                },
                                "unselectedImage": {
                                    "enabled": true,
                                    "type": "image",
                                    "value": "",
                                    "visible": true
                                },
                                "valign": {
                                    "enabled": true,
                                    "type": "combo",
                                    "value": 1,
                                    "visible": true
                                },
                                "visible": {
                                    "enabled": true,
                                    "type": "boolean",
                                    "value": true,
                                    "visible": true
                                },
                                "width": {
                                    "enabled": true,
                                    "type": "integer",
                                    "value": 100,
                                    "visible": true
                                },
                                "x": {
                                    "enabled": true,
                                    "type": "integer",
                                    "value": 133,
                                    "visible": true
                                },
                                "y": {
                                    "enabled": true,
                                    "type": "integer",
                                    "value": 6,
                                    "visible": true
                                }
                            },
                            "type": "RadioButtonWidget"
                        },
                        {
                            "events": {
                                "deselectedEvent": {
                                    "enabled": "false",
                                    "properties": {
                                        "__categories": [
                                        ],
                                        "__groups": [
                                        ],
                                        "enabled": {
                                            "enabled": true,
                                            "type": "boolean",
                                            "value": false,
                                            "visible": true
                                        },
                                        "id": {
                                            "enabled": true,
                                            "type": "uuid",
                                            "value": "{421e24c6-5a43-4a79-9b7d-c348088ef537}",
                                            "visible": true
                                        }
                                    }
                                },
                                "selectedEvent": {
                                    "enabled": "false",
                                    "properties": {
                                        "__categories": [
                                        ],
                                        "__groups": [
                                        ],
                                        "enabled": {
                                            "enabled": true,
                                            "type": "boolean",
                                            "value": false,
                                            "visible": true
                                        },
                                        "id": {
                                            "enabled": true,
                                            "type": "uuid",
                                            "value": "{d08ec7e8-fb5e-418e-9231-d04b94dd4a9a}",
                                            "visible": true
                                        }
                                    }
                                }
                            },
                            "properties": {
                                "__categories": [
                                    {
                                        "expanded": true,
                                        "id": "widget",
                                        "visible": true
                                    },
                                    {
                                        "expanded": true,
                                        "id": "radioButton",
                                        "visible": true
                                    },
                                    {
                                        "expanded": true,
                                        "id": "event",
                                        "visible": true
                                    }
                                ],
                                "__groups": [
                                    {
                                        "expanded": false,
                                        "id": "position",
                                        "visible": true
                                    },
                                    {
                                        "expanded": false,
                                        "id": "size",
                                        "visible": true
                                    },
                                    {
                                        "expanded": false,
                                        "id": "alignment",
                                        "visible": true
                                    },
                                    {
                                        "expanded": false,
                                        "id": "margins",
                                        "visible": true
                                    }
                                ],
                                "alphaEnable": {
                                    "enabled": true,
                                    "type": "boolean",
                                    "value": false,
                                    "visible": true
                                },
                                "alphaLevel": {
                                    "enabled": true,
                                    "type": "integer",
                                    "value": 255,
                                    "visible": true
                                },
                                "background": {
                                    "enabled": true,
                                    "type": "combo",
                                    "value": 0,
                                    "visible": true
                                },
                                "border": {
                                    "enabled": true,
                                    "type": "combo",
                                    "value": 0,
                                    "visible": true
                                },
                                "circleButtonSize": {
                                    "enabled": true,
                                    "type": "integer",
                                    "value": 12,
                                    "visible": true
                                },
                                "editorExpanded": {
                                    "enabled": true,
                                    "type": "boolean",
                                    "value": true,
                                    "visible": false
                                },
                                "enabled": {
                                    "enabled": true,
                                    "type": "boolean",
                                    "value": false,
                                    "visible": true
                                },
                                "group": {
                                    "enabled": true,
                                    "type": "integer",
                                    "value": 0,
                                    "visible": true
                                },
                                "halign": {
                                    "enabled": true,
                                    "type": "combo",
                                    "value": 0,
                                    "visible": true
                                },
                                "height": {
                                    "enabled": true,
                                    "type": "integer",
                                    "value": 25,
                                    "visible": true
                                },
                                "id": {
                                    "enabled": true,
                                    "type": "uuid",
                                    "value": "{8fdf521e-d3e0-4b06-bca4-6c18e7732713}",
                                    "visible": true
                                },
                                "imageMargin": {
                                    "enabled": true,
                                    "type": "integer",
                                    "value": 10,
                                    "visible": true
                                },
                                "imagePosition": {
                                    "enabled": true,
                                    "type": "combo",
                                    "value": 0,
                                    "visible": true
                                },
                                "marginBottom": {
                                    "enabled": true,
                                    "type": "integer",
                                    "value": 4,
                                    "visible": true
                                },
                                "marginLeft": {
                                    "enabled": true,
                                    "type": "integer",
                                    "value": 4,
                                    "visible": true
                                },
                                "marginRight": {
                                    "enabled": true,
                                    "type": "integer",
                                    "value": 4,
                                    "visible": true
                                },
                                "marginTop": {
                                    "enabled": true,
                                    "type": "integer",
                                    "value": 4,
                                    "visible": true
                                },
                                "name": {
                                    "enabled": true,
                                    "type": "text",
                                    "value": "RadioButtonChinese",
                                    "visible": true
                                },
                                "scheme": {
                                    "enabled": true,
                                    "type": "scheme",
                                    "value": "{00000000-0000-0000-0000-000000000000}",
                                    "visible": true
                                },
                                "selected": {
                                    "enabled": true,
                                    "type": "boolean",
                                    "value": true,
                                    "visible": true
                                },
                                "selectedImage": {
                                    "enabled": true,
                                    "type": "image",
                                    "value": "",
                                    "visible": true
                                },
                                "string": {
                                    "enabled": true,
                                    "type": "string",
                                    "value": "{15d57556-ed71-4378-9a5c-6822d7e40a36}",
                                    "visible": true
                                },
                                "unselectedImage": {
                                    "enabled": true,
                                    "type": "image",
                                    "value": "",
                                    "visible": true
                                },
                                "valign": {
                                    "enabled": true,
                                    "type": "combo",
                                    "value": 1,
                                    "visible": true
                                },
                                "visible": {
                                    "enabled": true,
                                    "type": "boolean",
                                    "value": false,
                                    "visible": true
                                },
                                "width": {
                                    "enabled": true,
                                    "type": "integer",
                                    "value": 127,
                                    "visible": true
                                },
                                "x": {
                                    "enabled": true,
                                    "type": "integer",
                                    "value": 262,
                                    "visible": true
                                },
                                "y": {
                                    "enabled": true,
                                    "type": "integer",
                                    "value": 6,
                                    "visible": true
                                }
                            },
                            "type": "RadioButtonWidget"
                        },
                        {
                            "properties": {
                                "__categories": [
                                    {
                                        "expanded": true,
                                        "id": "widget",
                                        "visible": true
                                    },
                                    {
                                        "expanded": true,
                                        "id": "label",
                                        "visible": true
                                    }
                                ],
                                "__groups": [
                                    {
                                        "expanded": false,
                                        "id": "position",
                                        "visible": true
                                    },
                                    {
                                        "expanded": false,
                                        "id": "size",
                                        "visible": true
                                    },
                                    {
                                        "expanded": false,
                                        "id": "alignment",
                                        "visible": true
                                    },
                                    {
                                        "expanded": false,
                                        "id": "margins",
                                        "visible": true
                                    }
                                ],
                                "alphaEnable": {
                                    "enabled": true,
                                    "type": "boolean",
                                    "value": false,
                                    "visible": true
                                },
                                "alphaLevel": {
                                    "enabled": true,
                                    "type": "integer",
                                    "value": 255,
                                    "visible": true
                                },
                                "background": {
                                    "enabled": true,
                                    "type": "combo",
                                    "value": 0,
                                    "visible": true
                                },
                                "border": {
                                    "enabled": true,
                                    "type": "combo",
                                    "value": 0,
                                    "visible": true
                                },
                                "editorExpanded": {
                                    "enabled": true,
                                    "type": "boolean",
                                    "value": true,
                                    "visible": false
                                },
                                "enabled": {
                                    "enabled": true,
                                    "type": "boolean",
                                    "value": true,
                                    "visible": true
                                },
                                "halign": {
                                    "enabled": true,
                                    "type": "combo",
                                    "value": 0,
                                    "visible": true
                                },
                                "height": {
                                    "enabled": true,
                                    "type": "integer",
                                    "value": 25,
                                    "visible": true
                                },
                                "id": {
                                    "enabled": true,
                                    "type": "uuid",
                                    "value": "{34a7412e-9f94-4997-9bd6-bef1def7575d}",
                                    "visible": true
                                },
                                "marginBottom": {
                                    "enabled": true,
                                    "type": "integer",
                                    "value": 4,
                                    "visible": true
                                },
                                "marginLeft": {
                                    "enabled": true,
                                    "type": "integer",
                                    "value": 4,
                                    "visible": true
                                },
                                "marginRight": {
                                    "enabled": true,
                                    "type": "integer",
                                    "value": 4,
                                    "visible": true
                                },
                                "marginTop": {
                                    "enabled": true,
                                    "type": "integer",
                                    "value": 4,
                                    "visible": true
                                },
                                "name": {
                                    "enabled": true,
                                    "type": "text",
                                    "value": "LabelWidget11",
                                    "visible": true
                                },
                                "scheme": {
                                    "enabled": true,
                                    "type": "scheme",
                                    "value": "{00000000-0000-0000-0000-000000000000}",
                                    "visible": true
                                },
                                "string": {
                                    "enabled": true,
                                    "type": "string",
                                    "value": "{d2231b30-fd44-46c0-a8dc-e29ebfe36bf1}",
                                    "visible": true
                                },
                                "valign": {
                                    "enabled": true,
                                    "type": "combo",
                                    "value": 1,
                                    "visible": true
                                },
                                "visible": {
                                    "enabled": true,
                                    "type": "boolean",
                                    "value": true,
                                    "visible": true
                                },
                                "width": {
                                    "enabled": true,
                                    "type": "integer",
                                    "value": 98,
                                    "visible": true
                                },
                                "x": {
                                    "enabled": true,
                                    "type": "integer",
                                    "value": 15,
                                    "visible": true
                                },
                                "y": {
                                    "enabled": true,
                                    "type": "integer",
                                    "value": 5,
                                    "visible": true
                                }
                            },
                            "type": "LabelWidget"
                        }
                    ],
                    "properties": {
                        "__categories": [
                            {
                                "expanded": true,
                                "id": "widget",
                                "visible": true
                            }
                        ],
                        "__groups": [
                            {
                                "expanded": false,
                                "id": "position",
                                "visible": true
                            },
                            {
                                "expanded": false,
                                "id": "size",
                                "visible": true
                            },
                            {
                                "expanded": false,
                                "id": "alignment",
                                "visible": true
                            },
                            {
                                "expanded": false,
                                "id": "margins",
                                "visible": true
                            }
                        ],
                        "alphaEnable": {
                            "enabled": true,
                            "type": "boolean",
                            "value": false,
                            "visible": true
                        },
                        "alphaLevel": {
                            "enabled": true,
                            "type": "integer",
                            "value": 255,
                            "visible": true
                        },
                        "background": {
                            "enabled": true,
                            "type": "combo",
                            "value": 1,
                            "visible": true
                        },
                        "border": {
                            "enabled": true,
                            "type": "combo",
                            "value": 1,
                            "visible": true
                        },
                        "editorExpanded": {
                            "enabled": true,
                            "type": "boolean",
                            "value": true,
                            "visible": false
                        },
                        "enabled": {
                            "enabled": true,
                            "type": "boolean",
                            "value": true,
                            "visible": true
                        },
                        "halign": {
                            "enabled": true,
                            "type": "combo",
                            "value": 1,
                            "visible": true
                        },
                        "height": {
                            "enabled": true,
                            "type": "integer",
                            "value": 38,
                            "visible": true
                        },
                        "id": {
                            "enabled": true,
                            "type": "uuid",
                            "value": "{8f99607a-f7b3-4947-b576-9c479ac7984f}",
                            "visible": true
                        },
                        "marginBottom": {
                            "enabled": true,
                            "type": "integer",
                            "value": 4,
                            "visible": true
                        },
                        "marginLeft": {
                            "enabled": true,
                            "type": "integer",
                            "value": 4,
                            "visible": true
                        },
                        "marginRight": {
                            "enabled": true,
                            "type": "integer",
                            "value": 4,
                            "visible": true
                        },
                        "marginTop": {
                            "enabled": true,
                            "type": "integer",
                            "value": 4,
                            "visible": true
                        },
                        "name": {
                            "enabled": true,
                            "type": "text",
                            "value": "PanelWidget3",
                            "visible": true
                        },
                        "scheme": {
                            "enabled": true,
                            "type": "scheme",
                            "value": "{5cd4f2fb-39f3-4337-9585-337d36ca521f}",
                            "visible": true
                        },
                        "valign": {
                            "enabled": true,
                            "type": "combo",
                            "value": 1,
                            "visible": true
                        },
                        "visible": {
                            "enabled": true,
                            "type": "boolean",
                            "value": true,
                            "visible": true
                        },
                        "width": {
                            "enabled": true,
                            "type": "integer",
                            "value": 407,
                            "visible": true
                        },
                        "x": {
                            "enabled": true,
                            "type": "integer",
                            "value": 39,
                            "visible": true
                        },
                        "y": {
                            "enabled": true,
                            "type": "integer",
                            "value": 35,
                            "visible": true
                        }
                    },
                    "type": "PanelWidget"
                }
            ],
            "properties": {
                "__categories": [
                    {
                        "expanded": true,
                        "id": "layer",
                        "visible": true
                    }
                ],
                "__groups": [
                    {
                        "expanded": false,
                        "id": "position",
                        "visible": false
                    },
                    {
                        "expanded": false,
                        "id": "size",
                        "visible": false
                    }
                ],
                "colorMode": {
                    "enabled": true,
                    "type": "combo",
                    "value": 3,
                    "visible": true
                },
                "editorExpanded": {
                    "enabled": true,
                    "type": "boolean",
                    "value": true,
                    "visible": false
                },
                "height": {
                    "enabled": true,
                    "type": "integer",
                    "value": 320,
                    "visible": true
                },
                "id": {
                    "enabled": true,
                    "type": "uuid",
                    "value": "{9f4f188b-c36c-4210-94a7-01d3fdc3e6fd}",
                    "visible": true
                },
                "name": {
                    "enabled": true,
                    "type": "text",
                    "value": "Layer0",
                    "visible": true
                },
                "renderMode": {
                    "enabled": true,
                    "type": "combo",
                    "value": 1,
                    "visible": true
                },
                "sizeLocked": {
                    "enabled": true,
                    "type": "boolean",
                    "value": true,
                    "visible": true
                },
                "width": {
                    "enabled": true,
                    "type": "integer",
                    "value": 480,
                    "visible": true
                },
                "x": {
                    "enabled": true,
                    "type": "integer",
                    "value": 0,
                    "visible": true
                },
                "y": {
                    "enabled": true,
                    "type": "integer",
                    "value": 0,
                    "visible": true
                }
            }
        }
    ],
    "properties": {
        "__categories": [
            {
                "expanded": true,
                "id": "screen",
                "visible": true
            },
            {
                "expanded": true,
                "id": "event",
                "visible": true
            }
        ],
        "__groups": [
        ],
        "createAtStartup": {
            "enabled": true,
            "type": "boolean",
            "value": false,
            "visible": false
        },
        "enabled": {
            "enabled": true,
            "type": "boolean",
            "value": true,
            "visible": true
        },
        "id": {
            "enabled": true,
            "type": "uuid",
            "value": "{44041a4b-e67c-49b5-9bff-e6a0504c9246}",
            "visible": true
        },
        "name": {
            "enabled": true,
            "type": "text",
            "value": "SettingsScreen",
            "visible": true
        },
        "persistent": {
            "enabled": true,
            "type": "boolean",
            "value": false,
            "visible": true
        }
    }
}
