{
    "images": [
        {
            "id": "{a909b01b-1833-41bd-9fd3-73906a06e71d}",
            "name": "MHGS_logo_small_compressed_palette",
            "type": "Palette"
        },
        {
            "id": "{b9f08374-e069-492e-ad1f-b6a3481e302a}",
            "name": "MHGS_logo_small_jpeg",
            "type": "RGB"
        },
        {
            "id": "{0f3fdbfa-2c36-4e6b-ae6b-f6e790a9b15e}",
            "name": "MHGS_logo_small_raw",
            "type": "RGB"
        },
        {
            "id": "{792b6ef3-0706-45bc-9c66-04b771d3465c}",
            "name": "MHGS_logo_small_rle",
            "type": "RGB"
        },
        {
            "id": "{c75d56f2-c5fb-4e47-9da4-0aebd41e44b6}",
            "name": "MHGS_logo_small_compressed",
            "type": "Index"
        },
        {
            "id": "{36a917e9-658b-4f42-a1e5-8c9f4ddbcef8}",
            "name": "MHGS_logo_small_png",
            "type": "RGB"
        }
    ],
    "paths": [
    ]
}
