{
    " ": {
        "advance": 8,
        "bearingX": 0,
        "bearingY": 0,
        "codePoint": 32,
        "height": 0,
        "width": 0
    },
    "!": {
        "advance": 8,
        "bearingX": 3,
        "bearingY": 10,
        "codePoint": 33,
        "data": "hvEAeeQAbdgAYMsAVL8AR7IAOqYAAAAAaL8AeNcC",
        "height": 10,
        "width": 3
    },
    "\"": {
        "advance": 8,
        "bearingX": 1,
        "bearingY": 10,
        "codePoint": 34,
        "data": "A/2EIP9oAOhsCP9QANBUAPA4",
        "height": 3,
        "width": 6
    },
    "#": {
        "advance": 8,
        "bearingX": 0,
        "bearingY": 10,
        "codePoint": 35,
        "data": "AAAA7hAA6xAAAAAg4AAe3QAAAABQsABPrAAALP////////8YAQizVQi2UQgAAADqGADqFAAAsP///////5wABVC3CFWyCAQAAHiGAH+AAAAAAKVXALBQAAAA",
        "height": 10,
        "width": 9
    },
    "$": {
        "advance": 8,
        "bearingX": 1,
        "bearingY": 12,
        "codePoint": 36,
        "data": "AABErAAAAAAARKwAAAAChev/6pYAY99mrilEAJqXRKwAAAB21lisAAAADb790SQAAAAAb/f7YQAAAESsZvUHAABErBv/GGM5UrmW1QB74fr2rCEAAABErAAAAAAARKwAAAA=",
        "height": 14,
        "width": 7
    },
    "%": {
        "advance": 8,
        "bearingX": 0,
        "bearingY": 10,
        "codePoint": 37,
        "data": "RtbVPwAh5gwA1jg50gCceAAA9xER9yDnDAAA0jk60pt6AAAAQtbWYugNAAAAAAAAmou62JMAAAAf6ICcAtM5AACZfZN1AK1fAB7pD2+dAtM7AJh/AAy32ZYA",
        "height": 10,
        "width": 9
    },
    "&": {
        "advance": 8,
        "bearingX": 0,
        "bearingY": 10,
        "codePoint": 38,
        "data": "ABCv8uh2AAAAAITNGkf+KQAAAJmkAAr6NwAAAEDxK6uxAAAAAAPJ/Y8FAAAACL60rqMAZ9oAaOUHC9FhtIoAicQAACDh7hoAUfxRE2vw7zEAAH3l9782c+IX",
        "height": 10,
        "width": 9
    },
    "'": {
        "advance": 8,
        "bearingX": 3,
        "bearingY": 10,
        "codePoint": 39,
        "data": "kPcAeOAAYMgA",
        "height": 3,
        "width": 3
    },
    "(": {
        "advance": 8,
        "bearingX": 2,
        "bearingY": 10,
        "codePoint": 40,
        "data": "AAB3yxEAZ90QAB3zQAAAgsoAAADOewAAAO5aAAAA7loAAADQegAAAIbJAAAAIfU8AAAAbdoOAAAAe8gP",
        "height": 12,
        "width": 5
    },
    ")": {
        "advance": 8,
        "bearingX": 2,
        "bearingY": 10,
        "codePoint": 41,
        "data": "d8oRAAAAh8kEAAAG1HkAAABn5gIAABf/NQAAAPZVAAAA9lYAABf/NwAAZekEAAXSfgAAg80FAHLLEwAA",
        "height": 12,
        "width": 5
    },
    "*": {
        "advance": 8,
        "bearingX": 0,
        "bearingY": 11,
        "codePoint": 42,
        "data": "AAAAddUAAAAADgBYtwADCgX4y6vQsfFpAR802vFfJwwAAIDFa9UMAAAHtU4GxT8A",
        "height": 6,
        "width": 8
    },
    "+": {
        "advance": 8,
        "bearingX": 1,
        "bearingY": 8,
        "codePoint": 43,
        "data": "AAA0dgAAAAAAULQAAAAAAFC0AAAA9P//////WAcIVbYICAIAAFC0AAAAAAA0dgAAAA==",
        "height": 7,
        "width": 7
    },
    ",": {
        "advance": 8,
        "bearingX": 3,
        "bearingY": 2,
        "codePoint": 44,
        "data": "Wf83lM8A2U4A",
        "height": 3,
        "width": 3
    },
    "-": {
        "advance": 8,
        "bearingX": 1,
        "bearingY": 4,
        "codePoint": 45,
        "data": "DP////90ASgoKCgS",
        "height": 2,
        "width": 6
    },
    ".": {
        "advance": 8,
        "bearingX": 3,
        "bearingY": 2,
        "codePoint": 46,
        "data": "o+0co+0c",
        "height": 2,
        "width": 3
    },
    "/": {
        "advance": 8,
        "bearingX": 1,
        "bearingY": 10,
        "codePoint": 47,
        "data": "AAAAAHu9AAAABORPAAAAV94CAAAAxXMAAAAy9BAAAAChlwAAABb3KgAAAH27AAAABeVNAAAAWdwCAAAA",
        "height": 10,
        "width": 6
    },
    "0": {
        "advance": 8,
        "bearingX": 1,
        "bearingY": 10,
        "codePoint": 48,
        "data": "AHXn9asRAFHxQyC7qgC1igAAKv0V51gAAAD1SPtHAAAA5F77RwAAAORe5VgAAAD1SbKJAAAp/hlM8EEgurMAAHDm9rAVAA==",
        "height": 10,
        "width": 7
    },
    "1": {
        "advance": 8,
        "bearingX": 1,
        "bearingY": 10,
        "codePoint": 49,
        "data": "AAB3/TAKqM78MDGzD/8wAAAD/zAAAAT/MAAABP8wAAAE/zAAAAT/MAAABP8wAAAE/zA=",
        "height": 10,
        "width": 5
    },
    "2": {
        "advance": 8,
        "bearingX": 1,
        "bearingY": 10,
        "codePoint": 50,
        "data": "Iqjv7qgTAIGSJyHJowAAAAAAY+AAAAAAAHvJAAAAAA/iZgAAAAOytQEAAACXzw4AAACB2hYAAABs5iYICAgC6///////UA==",
        "height": 10,
        "width": 7
    },
    "3": {
        "advance": 8,
        "bearingX": 0,
        "bearingY": 10,
        "codePoint": 51,
        "data": "AFbH9u2sGgAAmmAbIsC1AAAAAAAAb9kAAAAABjnbbgAAAJT/+IUDAAAABA4yu7oBAAAAAAAl/yUAAAAAACz/HBN2KQ8vwMAADavn+eCXFAA=",
        "height": 10,
        "width": 8
    },
    "4": {
        "advance": 8,
        "bearingX": 0,
        "bearingY": 10,
        "codePoint": 52,
        "data": "AAAAAF7/PAAAAAAW3O48AAAAAKh+7DwAAABM2Qj0PAAADeI/APc8AACWmgAA+DwAPOQPAAD4PACT////////tAQICAgI+EIFAAAAAAD4PAA=",
        "height": 10,
        "width": 8
    },
    "5": {
        "advance": 8,
        "bearingX": 1,
        "bearingY": 10,
        "codePoint": 53,
        "data": "Rv////98AFrOCAgIAwButwAAAAAAgqEAAAAAAI709O2wIgAJIw0rttgCAAAAACT/JwAAAAAp/xhvMBApuboAguH44ZYTAA==",
        "height": 10,
        "width": 7
    },
    "6": {
        "advance": 8,
        "bearingX": 1,
        "bearingY": 10,
        "codePoint": 54,
        "data": "ABWZ5vmJAAjVwDcSFgBt3gYAAAAAuokAAAAAAOKDyPbQQgDvzi4HavAT3FsAAADqSLN4AAAC8j1E7EUVhuAJAGjh9MAtAA==",
        "height": 10,
        "width": 7
    },
    "7": {
        "advance": 8,
        "bearingX": 0,
        "bearingY": 10,
        "codePoint": 55,
        "data": "BP///////2cACAgICCH6JwAAAAAAgbsAAAAAAAboUQAAAAAAXeIDAAAAAADKewAAAAAAOPkXAAAAAACmpgAAAAAAGfo7AAAAAACB0AAAAAA=",
        "height": 10,
        "width": 8
    },
    "8": {
        "advance": 8,
        "bearingX": 1,
        "bearingY": 10,
        "codePoint": 56,
        "data": "Aobm87woAGbmMBWhzgCRpQAAP/cAROASAJOiAABu5bioBwAp1kw702QAvnYAABz2IeRTAAAA7kWnwCMUfe0SE6Dp88E2AA==",
        "height": 10,
        "width": 7
    },
    "9": {
        "advance": 8,
        "bearingX": 1,
        "bearingY": 10,
        "codePoint": 57,
        "data": "CZHm86QOAInQKR+zowDaWAAAFPoX5U4AAAHyPqS9Fw+J/FMVqu/pZvlFAAAAACH/HQAAAAB70AAIEBZt9UYAKvf1wkQAAA==",
        "height": 10,
        "width": 7
    },
    ":": {
        "advance": 8,
        "bearingX": 3,
        "bearingY": 8,
        "codePoint": 58,
        "data": "ddUBdtUBAAAAAAAAAAAAAAAAddUBdtUB",
        "height": 8,
        "width": 3
    },
    ";": {
        "advance": 8,
        "bearingX": 2,
        "bearingY": 8,
        "codePoint": 59,
        "data": "AGrcBQBr3AUAAAAAAAAAAAAAAAAAAAAAAKHLAADcbQAX7AoA",
        "height": 9,
        "width": 4
    },
    "<": {
        "advance": 8,
        "bearingX": 1,
        "bearingY": 8,
        "codePoint": 60,
        "data": "AAAAABuUUAAAHJXpgw8cled/EAAA6NwdAAAAABqT5n4PAAAAABuU6IIPAAAAABuUUA==",
        "height": 7,
        "width": 7
    },
    "=": {
        "advance": 8,
        "bearingX": 1,
        "bearingY": 6,
        "codePoint": 61,
        "data": "9P//////WA8QEBAQEAX0//////9Y",
        "height": 3,
        "width": 7
    },
    ">": {
        "advance": 8,
        "bearingX": 1,
        "bearingY": 8,
        "codePoint": 62,
        "data": "uUYAAAAAAFDPxkYAAAAAAE7MxkcAAAAAAZT/TAAATcvERQBQzsRFAAAAuUYAAAAAAA==",
        "height": 7,
        "width": 7
    },
    "?": {
        "advance": 8,
        "bearingX": 1,
        "bearingY": 10,
        "codePoint": 63,
        "data": "YMfv8cA5AF5cHxR78Q0AAAAAAvwyAAAAAFjrCgAAAXnnOQAAAHjTHgAAAADLWgAAAAAAAAAAAAAAAsNkAAAAAATbdAAAAA==",
        "height": 10,
        "width": 7
    },
    "@": {
        "advance": 8,
        "bearingX": 0,
        "bearingY": 10,
        "codePoint": 64,
        "data": "AAJ22eTUVgAAAJCqFAAk0lAAK+AFAAAAO9IAgn0cvefkKeQTsk2pggDmKMcqwzPhNAL6GskfvEPOUzr5KdsDl2pL5clW52sASNQBAAAAAAAAALGeEwAFRgAAAAeD2+TglgAA",
        "height": 11,
        "width": 9
    },
    "A": {
        "advance": 8,
        "bearingX": 0,
        "bearingY": 10,
        "codePoint": 65,
        "data": "AAAAovgNAAAAAAAG8NRaAAAAAABM33mvAAAAAAChmDT3DAAAAAbvUAHpWQAAAEr6DQChrgAAAJ//////9gsABe5xICAl9FcASfkRAAAAqKwAnrMAAAAAUPYL",
        "height": 10,
        "width": 9
    },
    "B": {
        "advance": 8,
        "bearingX": 0,
        "bearingY": 10,
        "codePoint": 66,
        "data": "FP////jYdQAU/0cYImj9ShT/NAAAANxzFP80AAhO8CoU/////+NDABT/RxghYvJFFP80AAAAqLAU/zQAAACtrBT/RxggYvtaFP////vabQA=",
        "height": 10,
        "width": 8
    },
    "C": {
        "advance": 8,
        "bearingX": 0,
        "bearingY": 10,
        "codePoint": 67,
        "data": "AAAbnOb54pcBABrlyUcnS2cAAKDlCwAAAAAAAvF4AAAAAAAAF/9NAAAAAAAAGP9LAAAAAAAAA/VvAAAAAAAAAK/XAwAAAAAAACvzw0soP0wAAAAvsvD643kA",
        "height": 10,
        "width": 9
    },
    "D": {
        "advance": 8,
        "bearingX": 0,
        "bearingY": 10,
        "codePoint": 68,
        "data": "FP//+tmBCAAU/0coXOO+AxT/NAAAIvphFP80AAAAsrAU/zQAAACO0BT/NAAAAJPNFP80AAAAuqoU/zQAADH9WBT/RzFs7rQCFP//9tB0BAA=",
        "height": 10,
        "width": 8
    },
    "E": {
        "advance": 8,
        "bearingX": 1,
        "bearingY": 10,
        "codePoint": 69,
        "data": "hP//////PITIICAgIAeEwAAAAAAAhMAAAAAAAIT/////+ACEyCAgIB8AhMAAAAAAAITAAAAAAACEyCAgICAHhP//////PA==",
        "height": 10,
        "width": 7
    },
    "F": {
        "advance": 8,
        "bearingX": 1,
        "bearingY": 10,
        "codePoint": 70,
        "data": "VP//////bFTyICAgIA1U8AAAAAAAVPAAAAAAAFT//////yhU8iAgICAFVPAAAAAAAFTwAAAAAABU8AAAAAAAVPAAAAAAAA==",
        "height": 10,
        "width": 7
    },
    "G": {
        "advance": 8,
        "bearingX": 0,
        "bearingY": 10,
        "codePoint": 71,
        "data": "AAA5vvXvuh0AOPiULjiEBQDCuQAAAAAAD/5VAAAAAAAs/zIAaP//fC3/MAANIM98Ef9NAAAAyHwAzaUAAADIfABL/YozPNt8AABU0/nrvD8=",
        "height": 10,
        "width": 8
    },
    "H": {
        "advance": 8,
        "bearingX": 0,
        "bearingY": 10,
        "codePoint": 72,
        "data": "FP80AAAAzHwU/zQAAADMfBT/NAAAAMx8FP80AAAAzHwU////////fBT/TSAgINJ8FP80AAAAzHwU/zQAAADMfBT/NAAAAMx8FP80AAAAzHw=",
        "height": 10,
        "width": 8
    },
    "I": {
        "advance": 8,
        "bearingX": 1,
        "bearingY": 10,
        "codePoint": 73,
        "data": "cv7////RAAR61wsAAABw1AAAAABw1AAAAABw1AAAAABw1AAAAABw1AAAAABw1AAAAAN61woAcv7////R",
        "height": 10,
        "width": 6
    },
    "J": {
        "advance": 8,
        "bearingX": 0,
        "bearingY": 10,
        "codePoint": 74,
        "data": "AAAAAACUsAAAAAAAlLAAAAAAAJSwAAAAAACUsAAAAAAAlLAAAAAAAJSwAAAAAACUrwAAAAAAuo8IYS4vhvkyCcfz8sRCAA==",
        "height": 10,
        "width": 7
    },
    "K": {
        "advance": 8,
        "bearingX": 1,
        "bearingY": 10,
        "codePoint": 75,
        "data": "kLgAAAK7pgCQuAAAgswJAJC4AEfmHAAAkLgd5ToAAACQusGvAAAAAJDyffg/AAAAkLgAgdsJAACQuAAG1Y0AAJC4AAA5+jcAkLgAAACS1QY=",
        "height": 10,
        "width": 8
    },
    "L": {
        "advance": 8,
        "bearingX": 1,
        "bearingY": 10,
        "codePoint": 76,
        "data": "aOAAAAAAAGjgAAAAAABo4AAAAAAAaOAAAAAAAGjgAAAAAABo4AAAAAAAaOAAAAAAAGjgAAAAAABo5CAgICAHaP//////OA==",
        "height": 10,
        "width": 7
    },
    "M": {
        "advance": 8,
        "bearingX": 0,
        "bearingY": 10,
        "codePoint": 77,
        "data": "PP+PAAA0/6A868YAAGzroDzJ8AUAo7ugPMzHNADbiqA8z49rE+ZsoDzQV6JKr2ygPNAg2oJ2bKA80ADnzD1soDzQALD6CWygPNAAeMwAbKA=",
        "height": 10,
        "width": 8
    },
    "N": {
        "advance": 8,
        "bearingX": 0,
        "bearingY": 10,
        "codePoint": 78,
        "data": "FP+bAAAAuHgU/eUZAAC4eBT/hYkAALh4FP8l5g8AuHgU/xeQeAC4eBT/GB7iB7h4FP8YAKJms3gU/xgAK9mteBT/GAAAs+14FP8YAAA8/3g=",
        "height": 10,
        "width": 8
    },
    "O": {
        "advance": 8,
        "bearingX": 0,
        "bearingY": 10,
        "codePoint": 79,
        "data": "AAqV6vfCMAAApOpSM6PsFBn+WwAAAt57T/8PAAAAnbdm9gAAAACE0Wb2AAAAAITQT/8OAAAAnrYY/loAAAPfeACk6VAzpeoTAAqW6/jALgA=",
        "height": 10,
        "width": 8
    },
    "P": {
        "advance": 8,
        "bearingX": 1,
        "bearingY": 10,
        "codePoint": 80,
        "data": "zP//78RHAMyEGC2Z+CbMeAAAAe1ozHgAAADtYcx4ARiK8RzM///8yj4AzIQXBAAAAMx4AAAAAADMeAAAAAAAzHgAAAAAAA==",
        "height": 10,
        "width": 7
    },
    "Q": {
        "advance": 8,
        "bearingX": 0,
        "bearingY": 10,
        "codePoint": 81,
        "data": "AAqV6vfCMAAApOpSM6PsFBn+WwAAAt57T/8PAAAAnbhm9gAAAACE0Wb2AAAAAITNT/8OAAAAnrUY/loAAAPfdQCk6VAzpekRAAqW6/z8KwAAAAAADutxAAAAAAAAaPtYAAAAAAAAg1s=",
        "height": 13,
        "width": 8
    },
    "R": {
        "advance": 8,
        "bearingX": 1,
        "bearingY": 10,
        "codePoint": 82,
        "data": "vP/+564oALyWGTS03ga8jAAAIf8vvIwAACD/MLyMAR2o0AK8////tBcAvJYYpsUBALyMABfvagC8jAAAafEavIwAAALJrg==",
        "height": 10,
        "width": 7
    },
    "S": {
        "advance": 8,
        "bearingX": 0,
        "bearingY": 10,
        "codePoint": 83,
        "data": "AA+Y5PnlrRAApMc9KEiAAADcYAAAAAAAAK28EAAAAAAAHMjxmDEAAAAAAESr+50BAAAAAAAy+EgAAAAAAADfXwWCPiApg/MfBLDn+eu5OQA=",
        "height": 10,
        "width": 8
    },
    "T": {
        "advance": 8,
        "bearingX": 0,
        "bearingY": 10,
        "codePoint": 84,
        "data": "TP///////7AJICCC2SAgFgAAAHDUAAAAAAAAcNQAAAAAAABw1AAAAAAAAHDUAAAAAAAAcNQAAAAAAABw1AAAAAAAAHDUAAAAAAAAcNQAAAA=",
        "height": 10,
        "width": 8
    },
    "U": {
        "advance": 8,
        "bearingX": 0,
        "bearingY": 10,
        "codePoint": 85,
        "data": "I/wfAAAAuIwk/yAAAAC4jCT/IAAAALiMJP8gAAAAuIwk/yAAAAC4jCT/IAAAALiMHf8nAAAAwIUD+1MAAAXpZACk3Ecumu8TABCc5vHBNQA=",
        "height": 10,
        "width": 8
    },
    "V": {
        "advance": 8,
        "bearingX": 0,
        "bearingY": 10,
        "codePoint": 86,
        "data": "nbcAAAAAV/ULSPkNAAAApqsABO1VAAAE71UAAJ2kAABD9QoAAEfuBACRqgAAAATsQgDfVQAAAACckC30CgAAAABG2XepAAAAAAAE7NFUAAAAAAAAm/QJAAAA",
        "height": 10,
        "width": 9
    },
    "W": {
        "advance": 8,
        "bearingX": 0,
        "bearingY": 10,
        "codePoint": 87,
        "data": "6j0AAAAAANZTx18AAAAAAPEyo4EAAAAADP8RgKQAhuMDKPAAXMUAx504Q9AAOOERylp9YK8AFflTjhrCe44AAPGiUADSoW0AAM7qEwCU60wAAKrTAABR/ywA",
        "height": 10,
        "width": 9
    },
    "X": {
        "advance": 8,
        "bearingX": 0,
        "bearingY": 10,
        "codePoint": 88,
        "data": "Jvg8AAACzXoAAIbPAwBp2AYAAArhahPtQwAAAABS7amnAAAAAAAAv/wbAAAAAAAP6e9cAAAAAACRq2DmDQAAAC3zIALPjAAAAMCEAABC+ikAWOULAAAAs7sA",
        "height": 10,
        "width": 9
    },
    "Y": {
        "advance": 8,
        "bearingX": 0,
        "bearingY": 10,
        "codePoint": 89,
        "data": "gdoEAAAAe9sFC+ZjAAAR8FMAAGPhBgCIxAAAAALSbRj0OAAAAABG6J6pAAAAAAAAt/khAAAAAAAAcNQAAAAAAAAAcNQAAAAAAAAAcNQAAAAAAAAAcNQAAAAA",
        "height": 10,
        "width": 9
    },
    "Z": {
        "advance": 8,
        "bearingX": 0,
        "bearingY": 10,
        "codePoint": 90,
        "data": "KP///////4sFICAgIEr4NQAAAAAFzIEAAAAAAIHMBAAAAAA18ykAAAAACNdxAAAAAACQvwEAAAAAQPAfAAAAAA7gfiAgICAWS////////7A=",
        "height": 10,
        "width": 8
    },
    "[": {
        "advance": 8,
        "bearingX": 2,
        "bearingY": 10,
        "codePoint": 91,
        "data": "MP///2ww/xcIAzD/EAAAMP8QAAAw/xAAADD/EAAAMP8QAAAw/xAAADD/EAAAMP8QAAAw/xcIAzD///9s",
        "height": 12,
        "width": 5
    },
    "\\": {
        "advance": 8,
        "bearingX": 1,
        "bearingY": 10,
        "codePoint": 92,
        "data": "WdwCAAAABeVNAAAAAH27AAAAABb3KQAAAAChlwAAAAAz9BAAAAAAxXMAAAAAV94CAAAABORPAAAAAHu9",
        "height": 10,
        "width": 6
    },
    "]": {
        "advance": 8,
        "bearingX": 1,
        "bearingY": 10,
        "codePoint": 93,
        "data": "CP///5QACAiqlAAAAKiUAAAAqJQAAAColAAAAKiUAAAAqJQAAAColAAAAKiUAAAAqJQACAiqlAj///+U",
        "height": 12,
        "width": 5
    },
    "^": {
        "advance": 8,
        "bearingX": 0,
        "bearingY": 10,
        "codePoint": 94,
        "data": "AAAAlqIAAAAAABnc1zAAAAAAjHRWugAAABPkDQHMRgAAg4gAAEXPAg7oGQAAALxe",
        "height": 6,
        "width": 8
    },
    "_": {
        "advance": 8,
        "bearingX": -1,
        "bearingY": -1,
        "codePoint": 95,
        "data": "GvT09PT09PT0eg==",
        "height": 1,
        "width": 10
    },
    "`": {
        "advance": 8,
        "bearingX": 2,
        "bearingY": 11,
        "codePoint": 96,
        "data": "B8moAAAUxk0=",
        "height": 2,
        "width": 4
    },
    "a": {
        "advance": 8,
        "bearingX": 0,
        "bearingY": 8,
        "codePoint": 97,
        "data": "ADe57fLDMAAAJWAdFqDMAAAAAAAAOvoBABaR0+Hk/wQAxLUbADr/BAj+RAAAYP8EAOeFBjTZ/wQAR9r5zTz5BA==",
        "height": 8,
        "width": 8
    },
    "b": {
        "advance": 8,
        "bearingX": 1,
        "bearingY": 11,
        "codePoint": 98,
        "data": "7FQAAAAAAOxUAAAAAADsUwAAAAAA7HnM+c8zAOziOhiZ3wTsgAAADvlG7F0AAADfaexfAAAA4GjshAAAD/pF7OU9GJneA+xKyvnPMgA=",
        "height": 11,
        "width": 7
    },
    "c": {
        "advance": 8,
        "bearingX": 1,
        "bearingY": 8,
        "codePoint": 99,
        "data": "AEDD9vPLFiT5gR4ZUwCXwAAAAAAAwYcAAAAAAMOGAAAAAACauwAAAAAAKfp6GhdPDwBHyfjzxRM=",
        "height": 8,
        "width": 7
    },
    "d": {
        "advance": 8,
        "bearingX": 0,
        "bearingY": 11,
        "codePoint": 100,
        "data": "AAAAAAAA7FQAAAAAAADsVAAAAAAAAOxUAAab8+hy41QAfOEyHKv9VADecAAAHv9UBPxHAAAA91QE/UYAAADyVADfbwAAF/9UAH3gMhqh/FQAB5706G3FVA==",
        "height": 11,
        "width": 8
    },
    "e": {
        "advance": 8,
        "bearingX": 0,
        "bearingY": 8,
        "codePoint": 101,
        "data": "AAB14vTCMwAAY9YxE3nsFADZWQAAAO1fBv3//////34I/kkICAgIBADaeAAAAAAAAF3tTREjZwsAAGfZ+uisCQ==",
        "height": 8,
        "width": 8
    },
    "f": {
        "advance": 8,
        "bearingX": 1,
        "bearingY": 11,
        "codePoint": 102,
        "data": "AAAiwPPqaAAAoL0WHBIAAMR9AAAAzvT//fz8IwAAxHwAAAAAAMR8AAAAAADEfAAAAAAAxHwAAAAAAMR8AAAAAADEfAAAAAAAxHwAAAA=",
        "height": 11,
        "width": 7
    },
    "g": {
        "advance": 8,
        "bearingX": 0,
        "bearingY": 8,
        "codePoint": 103,
        "data": "AAiZ4vT/8ZIAecwLBrmWAACujAAAdcIAAIfFBwOykwAADcnt3agQAAAt5RMAAAAAACPv///zrQwN5FcLCB3LeEHqAAAAAKWKHflNBA5a9EEAVdL27cVSAA==",
        "height": 11,
        "width": 8
    },
    "h": {
        "advance": 8,
        "bearingX": 1,
        "bearingY": 11,
        "codePoint": 104,
        "data": "6FgAAAAAAOhYAAAAAADoWAAAAAAA6HnF+NxWAOjtTBN29hXojgAAAvpC6GIAAADwUOhYAAAA8FDoWAAAAPBQ6FgAAADwUOhYAAAA8FA=",
        "height": 11,
        "width": 7
    },
    "i": {
        "advance": 8,
        "bearingX": 1,
        "bearingY": 11,
        "codePoint": 105,
        "data": "AAA/1gEAAAAAP9EAAAAAAAAAAAAAHuX48AAAAAAATPAAAAAAAEzwAAAAAABM8AAAAAAATPAAAAAAAEzwAAAAAABM8AAAAJHp+f/z5Es=",
        "height": 11,
        "width": 7
    },
    "j": {
        "advance": 8,
        "bearingX": 0,
        "bearingY": 11,
        "codePoint": 106,
        "data": "AAAAAHagAAAAAHagAAAAAAAAAD3i7/vYAAAAAGjYAAAAAGjYAAAAAGjYAAAAAGjYAAAAAGjYAAAAAGjYAAAAAGjYAAAAAG7PBTQUJcyVD+D666EP",
        "height": 14,
        "width": 6
    },
    "k": {
        "advance": 8,
        "bearingX": 1,
        "bearingY": 11,
        "codePoint": 107,
        "data": "iLQAAAAAAIi0AAAAAACItAAAAAAAiLQAAEPzToizADnwVQCIrC7sXAAAiLfjmAAAAIjyjvQxAACItAB+4BQAiLQAAbC8A4i0AAAO2I0=",
        "height": 11,
        "width": 7
    },
    "l": {
        "advance": 8,
        "bearingX": 1,
        "bearingY": 11,
        "codePoint": 108,
        "data": "KOb55AAAAAAAXOQAAAAAAFzkAAAAAABc5AAAAAAAXOQAAAAAAFzkAAAAAABc5AAAAAAAXOQAAAAAAFzkAAAAAABc5AAAAJ7q+v/y40A=",
        "height": 11,
        "width": 7
    },
    "m": {
        "advance": 8,
        "bearingX": 0,
        "bearingY": 8,
        "codePoint": 109,
        "data": "YJnA6D3H5zVg8S6i8DmSomDNAF/YAFnAYL4AWMYAVMhgvABYxABUyGC8AFjEAFTIYLwAWMQAVMhgvABYxABUyA==",
        "height": 8,
        "width": 8
    },
    "n": {
        "advance": 8,
        "bearingX": 1,
        "bearingY": 8,
        "codePoint": 110,
        "data": "6FXF+NxWAOjtTBN29hXojgAAAvpC6GIAAADwUOhYAAAA8FDoWAAAAPBQ6FgAAADwUOhYAAAA8FA=",
        "height": 8,
        "width": 7
    },
    "o": {
        "advance": 8,
        "bearingX": 0,
        "bearingY": 8,
        "codePoint": 111,
        "data": "AAWL6Pe4IwAAh9UxGo/bBgb2TgAABOddJv8gAAAAvIkl/yEAAAC+iQTzUAAABOdeAH3WMRiO3wcAA4bp97snAA==",
        "height": 8,
        "width": 8
    },
    "p": {
        "advance": 8,
        "bearingX": 1,
        "bearingY": 8,
        "codePoint": 112,
        "data": "7FPJ+M8zAOzgORiZ3wTsfgAADvlG7FoAAADfaexfAAAA4GjshAAAD/pF7OY9GJneA+x6yvnPMgDsVAAAAAAA7FQAAAAAAOxUAAAAAAA=",
        "height": 11,
        "width": 7
    },
    "q": {
        "advance": 8,
        "bearingX": 0,
        "bearingY": 8,
        "codePoint": 113,
        "data": "AAec9OdsxVQAfOEyHKr8VADecAAAHv9UBPxHAAAA91QE/UYAAADyVADfbwAAF/9UAH3gMhqh+1QAB5706G3lVAAAAAAAAOxUAAAAAAAA7FQAAAAAAADsVA==",
        "height": 11,
        "width": 8
    },
    "r": {
        "advance": 8,
        "bearingX": 1,
        "bearingY": 8,
        "codePoint": 114,
        "data": "MNwmxPjhGTD3sjgSRAAw/0IAAAAAMP8TAAAAADD/DAAAAAAw/wwAAAAAMP8MAAAAADD/DAAAAAA=",
        "height": 8,
        "width": 7
    },
    "s": {
        "advance": 8,
        "bearingX": 1,
        "bearingY": 8,
        "codePoint": 115,
        "data": "Aojl+OGEAF3dJhA4RABo3RoAAAAAC7L4pzUAAAAAM576eQAAAAAAWPUATj8UFpHTAGLb9vC6KwA=",
        "height": 8,
        "width": 7
    },
    "t": {
        "advance": 8,
        "bearingX": 0,
        "bearingY": 11,
        "codePoint": 116,
        "data": "AAAAAgAAAAAAAADXBAAAAAAAG/8EAAAACM32//z8/AMAADj/BAAAAAAAOP8EAAAAAAA4/wQAAAAAADj/BAAAAAAANP8HAAAAAAAS+l4MHAAAAABj4/XRAA==",
        "height": 11,
        "width": 8
    },
    "u": {
        "advance": 8,
        "bearingX": 1,
        "bearingY": 8,
        "codePoint": 117,
        "data": "6FgAAADwUOhYAAAA8FDoWAAAAPBQ6FgAAADwUOhYAAAA+VDbZAAAIf9QpcgfILH7UBu48+ZtxVA=",
        "height": 8,
        "width": 7
    },
    "v": {
        "advance": 8,
        "bearingX": 0,
        "bearingY": 8,
        "codePoint": 118,
        "data": "QvYLAAAAoqYC5VcAAAbwSwCMrQAATOsEADH2CwCglQAAANZXBe86AAAAe6pE3gAAAAAh8ZOEAAAAAADF8ykAAA==",
        "height": 8,
        "width": 8
    },
    "w": {
        "advance": 8,
        "bearingX": -1,
        "bearingY": 8,
        "codePoint": 119,
        "data": "AO4oAIrvAgC9UwC+UAC7sygA6CIAjXkBzHtZEvABAFyhJLBLij3AAAAryFZ9G7pmjwAAA9+CSgDOil4AAADItxcAuLktAAAAmN0AAIjwBAA=",
        "height": 8,
        "width": 10
    },
    "x": {
        "advance": 8,
        "bearingX": 0,
        "bearingY": 8,
        "codePoint": 120,
        "data": "B9SNAAAs90QAMfc5A8uRAAAAetiC1ggAAAADyPwyAAAAAA7h+lIAAAAAoL9b6hYAAFDzIQCwsAAW6mkAABjtYA==",
        "height": 8,
        "width": 8
    },
    "y": {
        "advance": 8,
        "bearingX": 0,
        "bearingY": 8,
        "codePoint": 121,
        "data": "PvcPAAAAo6MA2WUAAAfxQgB2wwAATd8BABf5IQCjgAAAAK5/B+8hAAAAStdKvgAAAAAC47NdAAAAAACC8QoAAAAAAIiZAAAABw1C7ycAAABI9+NaAAAAAA==",
        "height": 11,
        "width": 8
    },
    "z": {
        "advance": 8,
        "bearingX": 1,
        "bearingY": 8,
        "codePoint": 122,
        "data": "hfz8/P3/BAAAAAChqgAAAABe3g8AAAAm7jYAAAAHz3MAAAAAlLUBAAAAUeQUAAAAAL/+/Pz8/CM=",
        "height": 8,
        "width": 7
    },
    "{": {
        "advance": 8,
        "bearingX": 1,
        "bearingY": 10,
        "codePoint": 123,
        "data": "AAAAZNXPAAAV/2ANAAAo/xgAAAAo/xcAAReN7QUAeP/hMwAABiSj1wEAAAAt/xUAAAAo/xgAAAAn/xgAAAAK+G0PAAAATM3N",
        "height": 12,
        "width": 6
    },
    "|": {
        "advance": 8,
        "bearingX": 3,
        "bearingY": 11,
        "codePoint": 124,
        "data": "ULRQtFC0ULRQtFC0ULRQtFC0ULRQtFC0ULRQtA==",
        "height": 14,
        "width": 2
    },
    "}": {
        "advance": 8,
        "bearingX": 1,
        "bearingY": 10,
        "codePoint": 125,
        "data": "ceegDgAABSfeeAAAAAC0jAAAAAC0jAAAAACP1S4GAAAGqP/cAAB04z8PAACxkAAAAAC0jAAAAAC0iwAABSzmZgAAceOOBAAA",
        "height": 12,
        "width": 6
    },
    "~": {
        "advance": 8,
        "bearingX": 1,
        "bearingY": 6,
        "codePoint": 126,
        "data": "iO7WchpQSo0bSbTzxR0AAAAAAAAA",
        "height": 3,
        "width": 7
    }
}
