{
    "B": {
        "advance": 13,
        "bearingX": 1,
        "bearingY": 14,
        "codePoint": 66,
        "height": 14,
        "width": 11
    },
    "H": {
        "advance": 15,
        "bearingX": 1,
        "bearingY": 14,
        "codePoint": 72,
        "height": 14,
        "width": 12
    },
    "K": {
        "advance": 12,
        "bearingX": 1,
        "bearingY": 14,
        "codePoint": 75,
        "height": 14,
        "width": 12
    },
    "S": {
        "advance": 11,
        "bearingX": 1,
        "bearingY": 14,
        "codePoint": 83,
        "height": 14,
        "width": 10
    },
    "V": {
        "advance": 12,
        "bearingX": 0,
        "bearingY": 14,
        "codePoint": 86,
        "height": 14,
        "width": 12
    },
    "a": {
        "advance": 11,
        "bearingX": 0,
        "bearingY": 11,
        "codePoint": 97,
        "height": 11,
        "width": 10
    },
    "b": {
        "advance": 12,
        "bearingX": 1,
        "bearingY": 15,
        "codePoint": 98,
        "height": 15,
        "width": 11
    },
    "c": {
        "advance": 10,
        "bearingX": 1,
        "bearingY": 11,
        "codePoint": 99,
        "height": 11,
        "width": 8
    },
    "d": {
        "advance": 12,
        "bearingX": 1,
        "bearingY": 15,
        "codePoint": 100,
        "height": 15,
        "width": 10
    },
    "e": {
        "advance": 11,
        "bearingX": 1,
        "bearingY": 11,
        "codePoint": 101,
        "height": 11,
        "width": 10
    },
    "g": {
        "advance": 12,
        "bearingX": 1,
        "bearingY": 11,
        "codePoint": 103,
        "height": 16,
        "width": 10
    },
    "i": {
        "advance": 5,
        "bearingX": 1,
        "bearingY": 15,
        "codePoint": 105,
        "height": 15,
        "width": 3
    },
    "k": {
        "advance": 11,
        "bearingX": 1,
        "bearingY": 15,
        "codePoint": 107,
        "height": 15,
        "width": 10
    },
    "m": {
        "advance": 19,
        "bearingX": 1,
        "bearingY": 11,
        "codePoint": 109,
        "height": 11,
        "width": 17
    },
    "n": {
        "advance": 12,
        "bearingX": 1,
        "bearingY": 11,
        "codePoint": 110,
        "height": 11,
        "width": 10
    },
    "o": {
        "advance": 12,
        "bearingX": 1,
        "bearingY": 11,
        "codePoint": 111,
        "height": 11,
        "width": 11
    },
    "s": {
        "advance": 10,
        "bearingX": 1,
        "bearingY": 11,
        "codePoint": 115,
        "height": 11,
        "width": 8
    },
    "t": {
        "advance": 7,
        "bearingX": 0,
        "bearingY": 14,
        "codePoint": 116,
        "height": 14,
        "width": 7
    },
    "u": {
        "advance": 12,
        "bearingX": 1,
        "bearingY": 11,
        "codePoint": 117,
        "height": 11,
        "width": 10
    }
}
