{
    "active": "{be58cf41-5b6c-4a3f-b7de-add63251bff8}",
    "enabled": [
        "{28d0bc82-0932-4dcf-a1a0-3d4aa66d2fc0}",
        "{9cf2c14c-2041-4c38-9a6c-b9a322e2b0cc}",
        "{be58cf41-5b6c-4a3f-b7de-add63251bff8}"
    ],
    "primary": "{9cf2c14c-2041-4c38-9a6c-b9a322e2b0cc}",
    "screens": [
        "{9cf2c14c-2041-4c38-9a6c-b9a322e2b0cc}",
        "{be58cf41-5b6c-4a3f-b7de-add63251bff8}",
        "{28d0bc82-0932-4dcf-a1a0-3d4aa66d2fc0}"
    ],
    "visible": [
        "{28d0bc82-0932-4dcf-a1a0-3d4aa66d2fc0}",
        "{9cf2c14c-2041-4c38-9a6c-b9a322e2b0cc}",
        "{be58cf41-5b6c-4a3f-b7de-add63251bff8}"
    ]
}
